songs,artists,uri,danceability,energy,key,loudness,mode,speechiness,acousticness,instrumentalness,liveness,valence,tempo,type,id,uri,track_href,analysis_url,duration_ms,time_signature
Dear Mama,2Pac,spotify:track:6tDxrq4FxEL2q15y37tXT9,0.773,0.54,6,-7.123,1,0.103,0.371,0,0.131,0.322,84.115,audio_features,6tDxrq4FxEL2q15y37tXT9,spotify:track:6tDxrq4FxEL2q15y37tXT9,https://api.spotify.com/v1/tracks/6tDxrq4FxEL2q15y37tXT9,https://api.spotify.com/v1/audio-analysis/6tDxrq4FxEL2q15y37tXT9,280000,4
Big Poppa - 2007 Remaster,The Notorious B.I.G.,spotify:track:6tDxrq4FxEL2q15y37tXT9,0.773,0.54,6,-7.123,1,0.103,0.371,0,0.131,0.322,84.115,audio_features,6tDxrq4FxEL2q15y37tXT9,spotify:track:6tDxrq4FxEL2q15y37tXT9,https://api.spotify.com/v1/tracks/6tDxrq4FxEL2q15y37tXT9,https://api.spotify.com/v1/audio-analysis/6tDxrq4FxEL2q15y37tXT9,280000,4
Jazz (We've Got),A Tribe Called Quest,spotify:track:6tDxrq4FxEL2q15y37tXT9,0.773,0.54,6,-7.123,1,0.103,0.371,0,0.131,0.322,84.115,audio_features,6tDxrq4FxEL2q15y37tXT9,spotify:track:6tDxrq4FxEL2q15y37tXT9,https://api.spotify.com/v1/tracks/6tDxrq4FxEL2q15y37tXT9,https://api.spotify.com/v1/audio-analysis/6tDxrq4FxEL2q15y37tXT9,280000,4
Sky's the Limit (feat. 112) - 2014 Remaster,The Notorious B.I.G.,spotify:track:6tDxrq4FxEL2q15y37tXT9,0.773,0.54,6,-7.123,1,0.103,0.371,0,0.131,0.322,84.115,audio_features,6tDxrq4FxEL2q15y37tXT9,spotify:track:6tDxrq4FxEL2q15y37tXT9,https://api.spotify.com/v1/tracks/6tDxrq4FxEL2q15y37tXT9,https://api.spotify.com/v1/audio-analysis/6tDxrq4FxEL2q15y37tXT9,280000,4
Xxplosive,Dr. Dre,spotify:track:6tDxrq4FxEL2q15y37tXT9,0.773,0.54,6,-7.123,1,0.103,0.371,0,0.131,0.322,84.115,audio_features,6tDxrq4FxEL2q15y37tXT9,spotify:track:6tDxrq4FxEL2q15y37tXT9,https://api.spotify.com/v1/tracks/6tDxrq4FxEL2q15y37tXT9,https://api.spotify.com/v1/audio-analysis/6tDxrq4FxEL2q15y37tXT9,280000,4
Full Clip,Gang Starr,spotify:track:6tDxrq4FxEL2q15y37tXT9,0.773,0.54,6,-7.123,1,0.103,0.371,0,0.131,0.322,84.115,audio_features,6tDxrq4FxEL2q15y37tXT9,spotify:track:6tDxrq4FxEL2q15y37tXT9,https://api.spotify.com/v1/tracks/6tDxrq4FxEL2q15y37tXT9,https://api.spotify.com/v1/audio-analysis/6tDxrq4FxEL2q15y37tXT9,280000,4
1st of Tha Month,Bone Thugs-N-Harmony,spotify:track:6tDxrq4FxEL2q15y37tXT9,0.773,0.54,6,-7.123,1,0.103,0.371,0,0.131,0.322,84.115,audio_features,6tDxrq4FxEL2q15y37tXT9,spotify:track:6tDxrq4FxEL2q15y37tXT9,https://api.spotify.com/v1/tracks/6tDxrq4FxEL2q15y37tXT9,https://api.spotify.com/v1/audio-analysis/6tDxrq4FxEL2q15y37tXT9,280000,4
You Got Me,The Roots,spotify:track:6tDxrq4FxEL2q15y37tXT9,0.773,0.54,6,-7.123,1,0.103,0.371,0,0.131,0.322,84.115,audio_features,6tDxrq4FxEL2q15y37tXT9,spotify:track:6tDxrq4FxEL2q15y37tXT9,https://api.spotify.com/v1/tracks/6tDxrq4FxEL2q15y37tXT9,https://api.spotify.com/v1/audio-analysis/6tDxrq4FxEL2q15y37tXT9,280000,4
SpottieOttieDopaliscious,Outkast,spotify:track:6tDxrq4FxEL2q15y37tXT9,0.773,0.54,6,-7.123,1,0.103,0.371,0,0.131,0.322,84.115,audio_features,6tDxrq4FxEL2q15y37tXT9,spotify:track:6tDxrq4FxEL2q15y37tXT9,https://api.spotify.com/v1/tracks/6tDxrq4FxEL2q15y37tXT9,https://api.spotify.com/v1/audio-analysis/6tDxrq4FxEL2q15y37tXT9,280000,4
Make You Feel That Way,Blackalicious,spotify:track:6tDxrq4FxEL2q15y37tXT9,0.773,0.54,6,-7.123,1,0.103,0.371,0,0.131,0.322,84.115,audio_features,6tDxrq4FxEL2q15y37tXT9,spotify:track:6tDxrq4FxEL2q15y37tXT9,https://api.spotify.com/v1/tracks/6tDxrq4FxEL2q15y37tXT9,https://api.spotify.com/v1/audio-analysis/6tDxrq4FxEL2q15y37tXT9,280000,4
Hits from the Bong,Cypress Hill,spotify:track:6tDxrq4FxEL2q15y37tXT9,0.773,0.54,6,-7.123,1,0.103,0.371,0,0.131,0.322,84.115,audio_features,6tDxrq4FxEL2q15y37tXT9,spotify:track:6tDxrq4FxEL2q15y37tXT9,https://api.spotify.com/v1/tracks/6tDxrq4FxEL2q15y37tXT9,https://api.spotify.com/v1/audio-analysis/6tDxrq4FxEL2q15y37tXT9,280000,4
I Ain't Mad At Cha (ft. Danny Boy),2Pac,spotify:track:6tDxrq4FxEL2q15y37tXT9,0.773,0.54,6,-7.123,1,0.103,0.371,0,0.131,0.322,84.115,audio_features,6tDxrq4FxEL2q15y37tXT9,spotify:track:6tDxrq4FxEL2q15y37tXT9,https://api.spotify.com/v1/tracks/6tDxrq4FxEL2q15y37tXT9,https://api.spotify.com/v1/audio-analysis/6tDxrq4FxEL2q15y37tXT9,280000,4
Hypnotize - 2007 Remaster,The Notorious B.I.G.,spotify:track:6tDxrq4FxEL2q15y37tXT9,0.773,0.54,6,-7.123,1,0.103,0.371,0,0.131,0.322,84.115,audio_features,6tDxrq4FxEL2q15y37tXT9,spotify:track:6tDxrq4FxEL2q15y37tXT9,https://api.spotify.com/v1/tracks/6tDxrq4FxEL2q15y37tXT9,https://api.spotify.com/v1/audio-analysis/6tDxrq4FxEL2q15y37tXT9,280000,4
Gin N Juice (feat. Dat Nigga Daz),Snoop Dogg,spotify:track:6tDxrq4FxEL2q15y37tXT9,0.773,0.54,6,-7.123,1,0.103,0.371,0,0.131,0.322,84.115,audio_features,6tDxrq4FxEL2q15y37tXT9,spotify:track:6tDxrq4FxEL2q15y37tXT9,https://api.spotify.com/v1/tracks/6tDxrq4FxEL2q15y37tXT9,https://api.spotify.com/v1/audio-analysis/6tDxrq4FxEL2q15y37tXT9,280000,4
All Eyez On Me (ft. Big Syke),2Pac,spotify:track:6tDxrq4FxEL2q15y37tXT9,0.773,0.54,6,-7.123,1,0.103,0.371,0,0.131,0.322,84.115,audio_features,6tDxrq4FxEL2q15y37tXT9,spotify:track:6tDxrq4FxEL2q15y37tXT9,https://api.spotify.com/v1/tracks/6tDxrq4FxEL2q15y37tXT9,https://api.spotify.com/v1/audio-analysis/6tDxrq4FxEL2q15y37tXT9,280000,4
"Follow The Light (feat. Sleepy Brown, Cee-Lo, Big Gipp, Big Boi & Shuga Luv)",Dungeon Family,spotify:track:6tDxrq4FxEL2q15y37tXT9,0.773,0.54,6,-7.123,1,0.103,0.371,0,0.131,0.322,84.115,audio_features,6tDxrq4FxEL2q15y37tXT9,spotify:track:6tDxrq4FxEL2q15y37tXT9,https://api.spotify.com/v1/tracks/6tDxrq4FxEL2q15y37tXT9,https://api.spotify.com/v1/audio-analysis/6tDxrq4FxEL2q15y37tXT9,280000,4
I Got Love,Nate Dogg,spotify:track:6tDxrq4FxEL2q15y37tXT9,0.773,0.54,6,-7.123,1,0.103,0.371,0,0.131,0.322,84.115,audio_features,6tDxrq4FxEL2q15y37tXT9,spotify:track:6tDxrq4FxEL2q15y37tXT9,https://api.spotify.com/v1/tracks/6tDxrq4FxEL2q15y37tXT9,https://api.spotify.com/v1/audio-analysis/6tDxrq4FxEL2q15y37tXT9,280000,4
Regulate,Warren G,spotify:track:6tDxrq4FxEL2q15y37tXT9,0.773,0.54,6,-7.123,1,0.103,0.371,0,0.131,0.322,84.115,audio_features,6tDxrq4FxEL2q15y37tXT9,spotify:track:6tDxrq4FxEL2q15y37tXT9,https://api.spotify.com/v1/tracks/6tDxrq4FxEL2q15y37tXT9,https://api.spotify.com/v1/audio-analysis/6tDxrq4FxEL2q15y37tXT9,280000,4
Music & Me,Nate Dogg,spotify:track:6tDxrq4FxEL2q15y37tXT9,0.773,0.54,6,-7.123,1,0.103,0.371,0,0.131,0.322,84.115,audio_features,6tDxrq4FxEL2q15y37tXT9,spotify:track:6tDxrq4FxEL2q15y37tXT9,https://api.spotify.com/v1/tracks/6tDxrq4FxEL2q15y37tXT9,https://api.spotify.com/v1/audio-analysis/6tDxrq4FxEL2q15y37tXT9,280000,4
Changes,2Pac,spotify:track:6tDxrq4FxEL2q15y37tXT9,0.773,0.54,6,-7.123,1,0.103,0.371,0,0.131,0.322,84.115,audio_features,6tDxrq4FxEL2q15y37tXT9,spotify:track:6tDxrq4FxEL2q15y37tXT9,https://api.spotify.com/v1/tracks/6tDxrq4FxEL2q15y37tXT9,https://api.spotify.com/v1/audio-analysis/6tDxrq4FxEL2q15y37tXT9,280000,4
What's Love Got To Do With It,Warren G,spotify:track:6tDxrq4FxEL2q15y37tXT9,0.773,0.54,6,-7.123,1,0.103,0.371,0,0.131,0.322,84.115,audio_features,6tDxrq4FxEL2q15y37tXT9,spotify:track:6tDxrq4FxEL2q15y37tXT9,https://api.spotify.com/v1/tracks/6tDxrq4FxEL2q15y37tXT9,https://api.spotify.com/v1/audio-analysis/6tDxrq4FxEL2q15y37tXT9,280000,4
Mrs. Officer,Lil Wayne,spotify:track:6tDxrq4FxEL2q15y37tXT9,0.773,0.54,6,-7.123,1,0.103,0.371,0,0.131,0.322,84.115,audio_features,6tDxrq4FxEL2q15y37tXT9,spotify:track:6tDxrq4FxEL2q15y37tXT9,https://api.spotify.com/v1/tracks/6tDxrq4FxEL2q15y37tXT9,https://api.spotify.com/v1/audio-analysis/6tDxrq4FxEL2q15y37tXT9,280000,4
If I Ruled the World (Imagine That) (feat. Lauryn Hill),Nas,spotify:track:6tDxrq4FxEL2q15y37tXT9,0.773,0.54,6,-7.123,1,0.103,0.371,0,0.131,0.322,84.115,audio_features,6tDxrq4FxEL2q15y37tXT9,spotify:track:6tDxrq4FxEL2q15y37tXT9,https://api.spotify.com/v1/tracks/6tDxrq4FxEL2q15y37tXT9,https://api.spotify.com/v1/audio-analysis/6tDxrq4FxEL2q15y37tXT9,280000,4
The Message,Nas,spotify:track:6tDxrq4FxEL2q15y37tXT9,0.773,0.54,6,-7.123,1,0.103,0.371,0,0.131,0.322,84.115,audio_features,6tDxrq4FxEL2q15y37tXT9,spotify:track:6tDxrq4FxEL2q15y37tXT9,https://api.spotify.com/v1/tracks/6tDxrq4FxEL2q15y37tXT9,https://api.spotify.com/v1/audio-analysis/6tDxrq4FxEL2q15y37tXT9,280000,4
UMI Says,Mos Def,spotify:track:6tDxrq4FxEL2q15y37tXT9,0.773,0.54,6,-7.123,1,0.103,0.371,0,0.131,0.322,84.115,audio_features,6tDxrq4FxEL2q15y37tXT9,spotify:track:6tDxrq4FxEL2q15y37tXT9,https://api.spotify.com/v1/tracks/6tDxrq4FxEL2q15y37tXT9,https://api.spotify.com/v1/audio-analysis/6tDxrq4FxEL2q15y37tXT9,280000,4
Electric Relaxation,A Tribe Called Quest,spotify:track:6tDxrq4FxEL2q15y37tXT9,0.773,0.54,6,-7.123,1,0.103,0.371,0,0.131,0.322,84.115,audio_features,6tDxrq4FxEL2q15y37tXT9,spotify:track:6tDxrq4FxEL2q15y37tXT9,https://api.spotify.com/v1/tracks/6tDxrq4FxEL2q15y37tXT9,https://api.spotify.com/v1/audio-analysis/6tDxrq4FxEL2q15y37tXT9,280000,4
Buggin' Out,A Tribe Called Quest,spotify:track:6tDxrq4FxEL2q15y37tXT9,0.773,0.54,6,-7.123,1,0.103,0.371,0,0.131,0.322,84.115,audio_features,6tDxrq4FxEL2q15y37tXT9,spotify:track:6tDxrq4FxEL2q15y37tXT9,https://api.spotify.com/v1/tracks/6tDxrq4FxEL2q15y37tXT9,https://api.spotify.com/v1/audio-analysis/6tDxrq4FxEL2q15y37tXT9,280000,4
Can I Kick It?,A Tribe Called Quest,spotify:track:6tDxrq4FxEL2q15y37tXT9,0.773,0.54,6,-7.123,1,0.103,0.371,0,0.131,0.322,84.115,audio_features,6tDxrq4FxEL2q15y37tXT9,spotify:track:6tDxrq4FxEL2q15y37tXT9,https://api.spotify.com/v1/tracks/6tDxrq4FxEL2q15y37tXT9,https://api.spotify.com/v1/audio-analysis/6tDxrq4FxEL2q15y37tXT9,280000,4
Award Tour,A Tribe Called Quest,spotify:track:6tDxrq4FxEL2q15y37tXT9,0.773,0.54,6,-7.123,1,0.103,0.371,0,0.131,0.322,84.115,audio_features,6tDxrq4FxEL2q15y37tXT9,spotify:track:6tDxrq4FxEL2q15y37tXT9,https://api.spotify.com/v1/tracks/6tDxrq4FxEL2q15y37tXT9,https://api.spotify.com/v1/audio-analysis/6tDxrq4FxEL2q15y37tXT9,280000,4
"Method Man (feat. Method Man, Raekwon, GZA, RZA & Ghostface Killah)",Wu-Tang Clan,spotify:track:6tDxrq4FxEL2q15y37tXT9,0.773,0.54,6,-7.123,1,0.103,0.371,0,0.131,0.322,84.115,audio_features,6tDxrq4FxEL2q15y37tXT9,spotify:track:6tDxrq4FxEL2q15y37tXT9,https://api.spotify.com/v1/tracks/6tDxrq4FxEL2q15y37tXT9,https://api.spotify.com/v1/audio-analysis/6tDxrq4FxEL2q15y37tXT9,280000,4
Roses,Outkast,spotify:track:6tDxrq4FxEL2q15y37tXT9,0.773,0.54,6,-7.123,1,0.103,0.371,0,0.131,0.322,84.115,audio_features,6tDxrq4FxEL2q15y37tXT9,spotify:track:6tDxrq4FxEL2q15y37tXT9,https://api.spotify.com/v1/tracks/6tDxrq4FxEL2q15y37tXT9,https://api.spotify.com/v1/audio-analysis/6tDxrq4FxEL2q15y37tXT9,280000,4
No Diggity,Blackstreet,spotify:track:6tDxrq4FxEL2q15y37tXT9,0.773,0.54,6,-7.123,1,0.103,0.371,0,0.131,0.322,84.115,audio_features,6tDxrq4FxEL2q15y37tXT9,spotify:track:6tDxrq4FxEL2q15y37tXT9,https://api.spotify.com/v1/tracks/6tDxrq4FxEL2q15y37tXT9,https://api.spotify.com/v1/audio-analysis/6tDxrq4FxEL2q15y37tXT9,280000,4
Recognize,Warren G,spotify:track:6tDxrq4FxEL2q15y37tXT9,0.773,0.54,6,-7.123,1,0.103,0.371,0,0.131,0.322,84.115,audio_features,6tDxrq4FxEL2q15y37tXT9,spotify:track:6tDxrq4FxEL2q15y37tXT9,https://api.spotify.com/v1/tracks/6tDxrq4FxEL2q15y37tXT9,https://api.spotify.com/v1/audio-analysis/6tDxrq4FxEL2q15y37tXT9,280000,4
Let Me Blow Ya Mind,Eve,spotify:track:6tDxrq4FxEL2q15y37tXT9,0.773,0.54,6,-7.123,1,0.103,0.371,0,0.131,0.322,84.115,audio_features,6tDxrq4FxEL2q15y37tXT9,spotify:track:6tDxrq4FxEL2q15y37tXT9,https://api.spotify.com/v1/tracks/6tDxrq4FxEL2q15y37tXT9,https://api.spotify.com/v1/audio-analysis/6tDxrq4FxEL2q15y37tXT9,280000,4
Who's That Girl?,Eve,spotify:track:6tDxrq4FxEL2q15y37tXT9,0.773,0.54,6,-7.123,1,0.103,0.371,0,0.131,0.322,84.115,audio_features,6tDxrq4FxEL2q15y37tXT9,spotify:track:6tDxrq4FxEL2q15y37tXT9,https://api.spotify.com/v1/tracks/6tDxrq4FxEL2q15y37tXT9,https://api.spotify.com/v1/audio-analysis/6tDxrq4FxEL2q15y37tXT9,280000,4
The Next Episode,Dr. Dre,spotify:track:6tDxrq4FxEL2q15y37tXT9,0.773,0.54,6,-7.123,1,0.103,0.371,0,0.131,0.322,84.115,audio_features,6tDxrq4FxEL2q15y37tXT9,spotify:track:6tDxrq4FxEL2q15y37tXT9,https://api.spotify.com/v1/tracks/6tDxrq4FxEL2q15y37tXT9,https://api.spotify.com/v1/audio-analysis/6tDxrq4FxEL2q15y37tXT9,280000,4
Tha Crossroads,Bone Thugs-N-Harmony,spotify:track:6tDxrq4FxEL2q15y37tXT9,0.773,0.54,6,-7.123,1,0.103,0.371,0,0.131,0.322,84.115,audio_features,6tDxrq4FxEL2q15y37tXT9,spotify:track:6tDxrq4FxEL2q15y37tXT9,https://api.spotify.com/v1/tracks/6tDxrq4FxEL2q15y37tXT9,https://api.spotify.com/v1/audio-analysis/6tDxrq4FxEL2q15y37tXT9,280000,4
"Shook Ones, Pt. II",Mobb Deep,spotify:track:6tDxrq4FxEL2q15y37tXT9,0.773,0.54,6,-7.123,1,0.103,0.371,0,0.131,0.322,84.115,audio_features,6tDxrq4FxEL2q15y37tXT9,spotify:track:6tDxrq4FxEL2q15y37tXT9,https://api.spotify.com/v1/tracks/6tDxrq4FxEL2q15y37tXT9,https://api.spotify.com/v1/audio-analysis/6tDxrq4FxEL2q15y37tXT9,280000,4
"Bet Ya Man Can't (Triz) [feat. Big Punisher, Cuban Link & Triple Seis]",Fat Joe,spotify:track:6tDxrq4FxEL2q15y37tXT9,0.773,0.54,6,-7.123,1,0.103,0.371,0,0.131,0.322,84.115,audio_features,6tDxrq4FxEL2q15y37tXT9,spotify:track:6tDxrq4FxEL2q15y37tXT9,https://api.spotify.com/v1/tracks/6tDxrq4FxEL2q15y37tXT9,https://api.spotify.com/v1/audio-analysis/6tDxrq4FxEL2q15y37tXT9,280000,4
Off the Books (feat. Big Punisher & Cuban Linx) (feat. Big Pun & Cuban Link),The Beatnuts,spotify:track:6tDxrq4FxEL2q15y37tXT9,0.773,0.54,6,-7.123,1,0.103,0.371,0,0.131,0.322,84.115,audio_features,6tDxrq4FxEL2q15y37tXT9,spotify:track:6tDxrq4FxEL2q15y37tXT9,https://api.spotify.com/v1/tracks/6tDxrq4FxEL2q15y37tXT9,https://api.spotify.com/v1/audio-analysis/6tDxrq4FxEL2q15y37tXT9,280000,4
Smile,Scarface,spotify:track:6tDxrq4FxEL2q15y37tXT9,0.773,0.54,6,-7.123,1,0.103,0.371,0,0.131,0.322,84.115,audio_features,6tDxrq4FxEL2q15y37tXT9,spotify:track:6tDxrq4FxEL2q15y37tXT9,https://api.spotify.com/v1/tracks/6tDxrq4FxEL2q15y37tXT9,https://api.spotify.com/v1/audio-analysis/6tDxrq4FxEL2q15y37tXT9,280000,4
It Was A Good Day,Ice Cube,spotify:track:6tDxrq4FxEL2q15y37tXT9,0.773,0.54,6,-7.123,1,0.103,0.371,0,0.131,0.322,84.115,audio_features,6tDxrq4FxEL2q15y37tXT9,spotify:track:6tDxrq4FxEL2q15y37tXT9,https://api.spotify.com/v1/tracks/6tDxrq4FxEL2q15y37tXT9,https://api.spotify.com/v1/audio-analysis/6tDxrq4FxEL2q15y37tXT9,280000,4
(Holy Matrimony) Letter To The Firm,Foxy Brown,spotify:track:6tDxrq4FxEL2q15y37tXT9,0.773,0.54,6,-7.123,1,0.103,0.371,0,0.131,0.322,84.115,audio_features,6tDxrq4FxEL2q15y37tXT9,spotify:track:6tDxrq4FxEL2q15y37tXT9,https://api.spotify.com/v1/tracks/6tDxrq4FxEL2q15y37tXT9,https://api.spotify.com/v1/audio-analysis/6tDxrq4FxEL2q15y37tXT9,280000,4
Lil' Homies,2Pac,spotify:track:6tDxrq4FxEL2q15y37tXT9,0.773,0.54,6,-7.123,1,0.103,0.371,0,0.131,0.322,84.115,audio_features,6tDxrq4FxEL2q15y37tXT9,spotify:track:6tDxrq4FxEL2q15y37tXT9,https://api.spotify.com/v1/tracks/6tDxrq4FxEL2q15y37tXT9,https://api.spotify.com/v1/audio-analysis/6tDxrq4FxEL2q15y37tXT9,280000,4
Keep Ya Head Up,2Pac,spotify:track:6tDxrq4FxEL2q15y37tXT9,0.773,0.54,6,-7.123,1,0.103,0.371,0,0.131,0.322,84.115,audio_features,6tDxrq4FxEL2q15y37tXT9,spotify:track:6tDxrq4FxEL2q15y37tXT9,https://api.spotify.com/v1/tracks/6tDxrq4FxEL2q15y37tXT9,https://api.spotify.com/v1/audio-analysis/6tDxrq4FxEL2q15y37tXT9,280000,4
Life Goes On,2Pac,spotify:track:6tDxrq4FxEL2q15y37tXT9,0.773,0.54,6,-7.123,1,0.103,0.371,0,0.131,0.322,84.115,audio_features,6tDxrq4FxEL2q15y37tXT9,spotify:track:6tDxrq4FxEL2q15y37tXT9,https://api.spotify.com/v1/tracks/6tDxrq4FxEL2q15y37tXT9,https://api.spotify.com/v1/audio-analysis/6tDxrq4FxEL2q15y37tXT9,280000,4
Skandalouz (ft. Nate Dogg),2Pac,spotify:track:6tDxrq4FxEL2q15y37tXT9,0.773,0.54,6,-7.123,1,0.103,0.371,0,0.131,0.322,84.115,audio_features,6tDxrq4FxEL2q15y37tXT9,spotify:track:6tDxrq4FxEL2q15y37tXT9,https://api.spotify.com/v1/tracks/6tDxrq4FxEL2q15y37tXT9,https://api.spotify.com/v1/audio-analysis/6tDxrq4FxEL2q15y37tXT9,280000,4
Ratha Be Ya Nigga (ft. Richie Rich),2Pac,spotify:track:6tDxrq4FxEL2q15y37tXT9,0.773,0.54,6,-7.123,1,0.103,0.371,0,0.131,0.322,84.115,audio_features,6tDxrq4FxEL2q15y37tXT9,spotify:track:6tDxrq4FxEL2q15y37tXT9,https://api.spotify.com/v1/tracks/6tDxrq4FxEL2q15y37tXT9,https://api.spotify.com/v1/audio-analysis/6tDxrq4FxEL2q15y37tXT9,280000,4
Everything Is Everything,Ms. Lauryn Hill,spotify:track:6tDxrq4FxEL2q15y37tXT9,0.773,0.54,6,-7.123,1,0.103,0.371,0,0.131,0.322,84.115,audio_features,6tDxrq4FxEL2q15y37tXT9,spotify:track:6tDxrq4FxEL2q15y37tXT9,https://api.spotify.com/v1/tracks/6tDxrq4FxEL2q15y37tXT9,https://api.spotify.com/v1/audio-analysis/6tDxrq4FxEL2q15y37tXT9,280000,4
Lost Ones,Ms. Lauryn Hill,spotify:track:6tDxrq4FxEL2q15y37tXT9,0.773,0.54,6,-7.123,1,0.103,0.371,0,0.131,0.322,84.115,audio_features,6tDxrq4FxEL2q15y37tXT9,spotify:track:6tDxrq4FxEL2q15y37tXT9,https://api.spotify.com/v1/tracks/6tDxrq4FxEL2q15y37tXT9,https://api.spotify.com/v1/audio-analysis/6tDxrq4FxEL2q15y37tXT9,280000,4
Distant Land,Madlib,spotify:track:6tDxrq4FxEL2q15y37tXT9,0.773,0.54,6,-7.123,1,0.103,0.371,0,0.131,0.322,84.115,audio_features,6tDxrq4FxEL2q15y37tXT9,spotify:track:6tDxrq4FxEL2q15y37tXT9,https://api.spotify.com/v1/tracks/6tDxrq4FxEL2q15y37tXT9,https://api.spotify.com/v1/audio-analysis/6tDxrq4FxEL2q15y37tXT9,280000,4
Haroldâ€™s,Freddie Gibbs,spotify:track:6tDxrq4FxEL2q15y37tXT9,0.773,0.54,6,-7.123,1,0.103,0.371,0,0.131,0.322,84.115,audio_features,6tDxrq4FxEL2q15y37tXT9,spotify:track:6tDxrq4FxEL2q15y37tXT9,https://api.spotify.com/v1/tracks/6tDxrq4FxEL2q15y37tXT9,https://api.spotify.com/v1/audio-analysis/6tDxrq4FxEL2q15y37tXT9,280000,4
One Time,Ky-Mani Marley,spotify:track:6tDxrq4FxEL2q15y37tXT9,0.773,0.54,6,-7.123,1,0.103,0.371,0,0.131,0.322,84.115,audio_features,6tDxrq4FxEL2q15y37tXT9,spotify:track:6tDxrq4FxEL2q15y37tXT9,https://api.spotify.com/v1/tracks/6tDxrq4FxEL2q15y37tXT9,https://api.spotify.com/v1/audio-analysis/6tDxrq4FxEL2q15y37tXT9,280000,4
The Hop,A Tribe Called Quest,spotify:track:6tDxrq4FxEL2q15y37tXT9,0.773,0.54,6,-7.123,1,0.103,0.371,0,0.131,0.322,84.115,audio_features,6tDxrq4FxEL2q15y37tXT9,spotify:track:6tDxrq4FxEL2q15y37tXT9,https://api.spotify.com/v1/tracks/6tDxrq4FxEL2q15y37tXT9,https://api.spotify.com/v1/audio-analysis/6tDxrq4FxEL2q15y37tXT9,280000,4
Slim's Return,Madlib,spotify:track:6tDxrq4FxEL2q15y37tXT9,0.773,0.54,6,-7.123,1,0.103,0.371,0,0.131,0.322,84.115,audio_features,6tDxrq4FxEL2q15y37tXT9,spotify:track:6tDxrq4FxEL2q15y37tXT9,https://api.spotify.com/v1/tracks/6tDxrq4FxEL2q15y37tXT9,https://api.spotify.com/v1/audio-analysis/6tDxrq4FxEL2q15y37tXT9,280000,4
93 'Til Infinity,Souls Of Mischief,spotify:track:6tDxrq4FxEL2q15y37tXT9,0.773,0.54,6,-7.123,1,0.103,0.371,0,0.131,0.322,84.115,audio_features,6tDxrq4FxEL2q15y37tXT9,spotify:track:6tDxrq4FxEL2q15y37tXT9,https://api.spotify.com/v1/tracks/6tDxrq4FxEL2q15y37tXT9,https://api.spotify.com/v1/audio-analysis/6tDxrq4FxEL2q15y37tXT9,280000,4
Oh My God,A Tribe Called Quest,spotify:track:6tDxrq4FxEL2q15y37tXT9,0.773,0.54,6,-7.123,1,0.103,0.371,0,0.131,0.322,84.115,audio_features,6tDxrq4FxEL2q15y37tXT9,spotify:track:6tDxrq4FxEL2q15y37tXT9,https://api.spotify.com/v1/tracks/6tDxrq4FxEL2q15y37tXT9,https://api.spotify.com/v1/audio-analysis/6tDxrq4FxEL2q15y37tXT9,280000,4
2 Of Amerikaz Most Wanted (ft. Snoop Doggy Dogg),2Pac,spotify:track:6tDxrq4FxEL2q15y37tXT9,0.773,0.54,6,-7.123,1,0.103,0.371,0,0.131,0.322,84.115,audio_features,6tDxrq4FxEL2q15y37tXT9,spotify:track:6tDxrq4FxEL2q15y37tXT9,https://api.spotify.com/v1/tracks/6tDxrq4FxEL2q15y37tXT9,https://api.spotify.com/v1/audio-analysis/6tDxrq4FxEL2q15y37tXT9,280000,4
Passin' Me By,The Pharcyde,spotify:track:6tDxrq4FxEL2q15y37tXT9,0.773,0.54,6,-7.123,1,0.103,0.371,0,0.131,0.322,84.115,audio_features,6tDxrq4FxEL2q15y37tXT9,spotify:track:6tDxrq4FxEL2q15y37tXT9,https://api.spotify.com/v1/tracks/6tDxrq4FxEL2q15y37tXT9,https://api.spotify.com/v1/audio-analysis/6tDxrq4FxEL2q15y37tXT9,280000,4
1nce Again (feat. Tammy Lucas) - Radio Version,A Tribe Called Quest,spotify:track:6tDxrq4FxEL2q15y37tXT9,0.773,0.54,6,-7.123,1,0.103,0.371,0,0.131,0.322,84.115,audio_features,6tDxrq4FxEL2q15y37tXT9,spotify:track:6tDxrq4FxEL2q15y37tXT9,https://api.spotify.com/v1/tracks/6tDxrq4FxEL2q15y37tXT9,https://api.spotify.com/v1/audio-analysis/6tDxrq4FxEL2q15y37tXT9,280000,4
Whateva Will Be,A Tribe Called Quest,spotify:track:6tDxrq4FxEL2q15y37tXT9,0.773,0.54,6,-7.123,1,0.103,0.371,0,0.131,0.322,84.115,audio_features,6tDxrq4FxEL2q15y37tXT9,spotify:track:6tDxrq4FxEL2q15y37tXT9,https://api.spotify.com/v1/tracks/6tDxrq4FxEL2q15y37tXT9,https://api.spotify.com/v1/audio-analysis/6tDxrq4FxEL2q15y37tXT9,280000,4
We The People....,A Tribe Called Quest,spotify:track:6tDxrq4FxEL2q15y37tXT9,0.773,0.54,6,-7.123,1,0.103,0.371,0,0.131,0.322,84.115,audio_features,6tDxrq4FxEL2q15y37tXT9,spotify:track:6tDxrq4FxEL2q15y37tXT9,https://api.spotify.com/v1/tracks/6tDxrq4FxEL2q15y37tXT9,https://api.spotify.com/v1/audio-analysis/6tDxrq4FxEL2q15y37tXT9,280000,4
Dis Generation,A Tribe Called Quest,spotify:track:6tDxrq4FxEL2q15y37tXT9,0.773,0.54,6,-7.123,1,0.103,0.371,0,0.131,0.322,84.115,audio_features,6tDxrq4FxEL2q15y37tXT9,spotify:track:6tDxrq4FxEL2q15y37tXT9,https://api.spotify.com/v1/tracks/6tDxrq4FxEL2q15y37tXT9,https://api.spotify.com/v1/audio-analysis/6tDxrq4FxEL2q15y37tXT9,280000,4
Melatonin,A Tribe Called Quest,spotify:track:6tDxrq4FxEL2q15y37tXT9,0.773,0.54,6,-7.123,1,0.103,0.371,0,0.131,0.322,84.115,audio_features,6tDxrq4FxEL2q15y37tXT9,spotify:track:6tDxrq4FxEL2q15y37tXT9,https://api.spotify.com/v1/tracks/6tDxrq4FxEL2q15y37tXT9,https://api.spotify.com/v1/audio-analysis/6tDxrq4FxEL2q15y37tXT9,280000,4
Enough!!,A Tribe Called Quest,spotify:track:6tDxrq4FxEL2q15y37tXT9,0.773,0.54,6,-7.123,1,0.103,0.371,0,0.131,0.322,84.115,audio_features,6tDxrq4FxEL2q15y37tXT9,spotify:track:6tDxrq4FxEL2q15y37tXT9,https://api.spotify.com/v1/tracks/6tDxrq4FxEL2q15y37tXT9,https://api.spotify.com/v1/audio-analysis/6tDxrq4FxEL2q15y37tXT9,280000,4
How Do U Want It (ft. K-Ci & JoJo),2Pac,spotify:track:6tDxrq4FxEL2q15y37tXT9,0.773,0.54,6,-7.123,1,0.103,0.371,0,0.131,0.322,84.115,audio_features,6tDxrq4FxEL2q15y37tXT9,spotify:track:6tDxrq4FxEL2q15y37tXT9,https://api.spotify.com/v1/tracks/6tDxrq4FxEL2q15y37tXT9,https://api.spotify.com/v1/audio-analysis/6tDxrq4FxEL2q15y37tXT9,280000,4
Juicy - 2005 Remaster,The Notorious B.I.G.,spotify:track:6tDxrq4FxEL2q15y37tXT9,0.773,0.54,6,-7.123,1,0.103,0.371,0,0.131,0.322,84.115,audio_features,6tDxrq4FxEL2q15y37tXT9,spotify:track:6tDxrq4FxEL2q15y37tXT9,https://api.spotify.com/v1/tracks/6tDxrq4FxEL2q15y37tXT9,https://api.spotify.com/v1/audio-analysis/6tDxrq4FxEL2q15y37tXT9,280000,4
Can't C Me,2Pac,spotify:track:6tDxrq4FxEL2q15y37tXT9,0.773,0.54,6,-7.123,1,0.103,0.371,0,0.131,0.322,84.115,audio_features,6tDxrq4FxEL2q15y37tXT9,spotify:track:6tDxrq4FxEL2q15y37tXT9,https://api.spotify.com/v1/tracks/6tDxrq4FxEL2q15y37tXT9,https://api.spotify.com/v1/audio-analysis/6tDxrq4FxEL2q15y37tXT9,280000,4
Real Hip-Hop,Das EFX,spotify:track:6tDxrq4FxEL2q15y37tXT9,0.773,0.54,6,-7.123,1,0.103,0.371,0,0.131,0.322,84.115,audio_features,6tDxrq4FxEL2q15y37tXT9,spotify:track:6tDxrq4FxEL2q15y37tXT9,https://api.spotify.com/v1/tracks/6tDxrq4FxEL2q15y37tXT9,https://api.spotify.com/v1/audio-analysis/6tDxrq4FxEL2q15y37tXT9,280000,4
When We Party (feat. Snoop Dogg),Faith Evans,spotify:track:6tDxrq4FxEL2q15y37tXT9,0.773,0.54,6,-7.123,1,0.103,0.371,0,0.131,0.322,84.115,audio_features,6tDxrq4FxEL2q15y37tXT9,spotify:track:6tDxrq4FxEL2q15y37tXT9,https://api.spotify.com/v1/tracks/6tDxrq4FxEL2q15y37tXT9,https://api.spotify.com/v1/audio-analysis/6tDxrq4FxEL2q15y37tXT9,280000,4
Cradle to the Grave,Mobb Deep,spotify:track:6tDxrq4FxEL2q15y37tXT9,0.773,0.54,6,-7.123,1,0.103,0.371,0,0.131,0.322,84.115,audio_features,6tDxrq4FxEL2q15y37tXT9,spotify:track:6tDxrq4FxEL2q15y37tXT9,https://api.spotify.com/v1/tracks/6tDxrq4FxEL2q15y37tXT9,https://api.spotify.com/v1/audio-analysis/6tDxrq4FxEL2q15y37tXT9,280000,4
I Got 5 On It,Luniz,spotify:track:6tDxrq4FxEL2q15y37tXT9,0.773,0.54,6,-7.123,1,0.103,0.371,0,0.131,0.322,84.115,audio_features,6tDxrq4FxEL2q15y37tXT9,spotify:track:6tDxrq4FxEL2q15y37tXT9,https://api.spotify.com/v1/tracks/6tDxrq4FxEL2q15y37tXT9,https://api.spotify.com/v1/audio-analysis/6tDxrq4FxEL2q15y37tXT9,280000,4
Trife Life,Mobb Deep,spotify:track:6tDxrq4FxEL2q15y37tXT9,0.773,0.54,6,-7.123,1,0.103,0.371,0,0.131,0.322,84.115,audio_features,6tDxrq4FxEL2q15y37tXT9,spotify:track:6tDxrq4FxEL2q15y37tXT9,https://api.spotify.com/v1/tracks/6tDxrq4FxEL2q15y37tXT9,https://api.spotify.com/v1/audio-analysis/6tDxrq4FxEL2q15y37tXT9,280000,4
"Shame On a Nigga (feat. Raekwon, Ol' Dirty Bastard & Method Man)",Wu-Tang Clan,spotify:track:6tDxrq4FxEL2q15y37tXT9,0.773,0.54,6,-7.123,1,0.103,0.371,0,0.131,0.322,84.115,audio_features,6tDxrq4FxEL2q15y37tXT9,spotify:track:6tDxrq4FxEL2q15y37tXT9,https://api.spotify.com/v1/tracks/6tDxrq4FxEL2q15y37tXT9,https://api.spotify.com/v1/audio-analysis/6tDxrq4FxEL2q15y37tXT9,280000,4
Who Am I (What's My Name)?,Snoop Dogg,spotify:track:6tDxrq4FxEL2q15y37tXT9,0.773,0.54,6,-7.123,1,0.103,0.371,0,0.131,0.322,84.115,audio_features,6tDxrq4FxEL2q15y37tXT9,spotify:track:6tDxrq4FxEL2q15y37tXT9,https://api.spotify.com/v1/tracks/6tDxrq4FxEL2q15y37tXT9,https://api.spotify.com/v1/audio-analysis/6tDxrq4FxEL2q15y37tXT9,280000,4
The World Is Yours,Nas,spotify:track:6tDxrq4FxEL2q15y37tXT9,0.773,0.54,6,-7.123,1,0.103,0.371,0,0.131,0.322,84.115,audio_features,6tDxrq4FxEL2q15y37tXT9,spotify:track:6tDxrq4FxEL2q15y37tXT9,https://api.spotify.com/v1/tracks/6tDxrq4FxEL2q15y37tXT9,https://api.spotify.com/v1/audio-analysis/6tDxrq4FxEL2q15y37tXT9,280000,4
Kick in the Door - 2008 Remaster,The Notorious B.I.G.,spotify:track:6tDxrq4FxEL2q15y37tXT9,0.773,0.54,6,-7.123,1,0.103,0.371,0,0.131,0.322,84.115,audio_features,6tDxrq4FxEL2q15y37tXT9,spotify:track:6tDxrq4FxEL2q15y37tXT9,https://api.spotify.com/v1/tracks/6tDxrq4FxEL2q15y37tXT9,https://api.spotify.com/v1/audio-analysis/6tDxrq4FxEL2q15y37tXT9,280000,4
Gimme the Loot - 2005 Remaster,The Notorious B.I.G.,spotify:track:6tDxrq4FxEL2q15y37tXT9,0.773,0.54,6,-7.123,1,0.103,0.371,0,0.131,0.322,84.115,audio_features,6tDxrq4FxEL2q15y37tXT9,spotify:track:6tDxrq4FxEL2q15y37tXT9,https://api.spotify.com/v1/tracks/6tDxrq4FxEL2q15y37tXT9,https://api.spotify.com/v1/audio-analysis/6tDxrq4FxEL2q15y37tXT9,280000,4
"So Fresh, So Clean",Outkast,spotify:track:6tDxrq4FxEL2q15y37tXT9,0.773,0.54,6,-7.123,1,0.103,0.371,0,0.131,0.322,84.115,audio_features,6tDxrq4FxEL2q15y37tXT9,spotify:track:6tDxrq4FxEL2q15y37tXT9,https://api.spotify.com/v1/tracks/6tDxrq4FxEL2q15y37tXT9,https://api.spotify.com/v1/audio-analysis/6tDxrq4FxEL2q15y37tXT9,280000,4
Can't C Me,2Pac,spotify:track:6tDxrq4FxEL2q15y37tXT9,0.773,0.54,6,-7.123,1,0.103,0.371,0,0.131,0.322,84.115,audio_features,6tDxrq4FxEL2q15y37tXT9,spotify:track:6tDxrq4FxEL2q15y37tXT9,https://api.spotify.com/v1/tracks/6tDxrq4FxEL2q15y37tXT9,https://api.spotify.com/v1/audio-analysis/6tDxrq4FxEL2q15y37tXT9,280000,4
Do For Love,2Pac,spotify:track:6tDxrq4FxEL2q15y37tXT9,0.773,0.54,6,-7.123,1,0.103,0.371,0,0.131,0.322,84.115,audio_features,6tDxrq4FxEL2q15y37tXT9,spotify:track:6tDxrq4FxEL2q15y37tXT9,https://api.spotify.com/v1/tracks/6tDxrq4FxEL2q15y37tXT9,https://api.spotify.com/v1/audio-analysis/6tDxrq4FxEL2q15y37tXT9,280000,4
Mathematics,Mos Def,spotify:track:6tDxrq4FxEL2q15y37tXT9,0.773,0.54,6,-7.123,1,0.103,0.371,0,0.131,0.322,84.115,audio_features,6tDxrq4FxEL2q15y37tXT9,spotify:track:6tDxrq4FxEL2q15y37tXT9,https://api.spotify.com/v1/tracks/6tDxrq4FxEL2q15y37tXT9,https://api.spotify.com/v1/audio-analysis/6tDxrq4FxEL2q15y37tXT9,280000,4
Weed Song,Bone Thugs-N-Harmony,spotify:track:6tDxrq4FxEL2q15y37tXT9,0.773,0.54,6,-7.123,1,0.103,0.371,0,0.131,0.322,84.115,audio_features,6tDxrq4FxEL2q15y37tXT9,spotify:track:6tDxrq4FxEL2q15y37tXT9,https://api.spotify.com/v1/tracks/6tDxrq4FxEL2q15y37tXT9,https://api.spotify.com/v1/audio-analysis/6tDxrq4FxEL2q15y37tXT9,280000,4
Cock the Hammer,Cypress Hill,spotify:track:6tDxrq4FxEL2q15y37tXT9,0.773,0.54,6,-7.123,1,0.103,0.371,0,0.131,0.322,84.115,audio_features,6tDxrq4FxEL2q15y37tXT9,spotify:track:6tDxrq4FxEL2q15y37tXT9,https://api.spotify.com/v1/tracks/6tDxrq4FxEL2q15y37tXT9,https://api.spotify.com/v1/audio-analysis/6tDxrq4FxEL2q15y37tXT9,280000,4
"King's Dead (with Kendrick Lamar, Future & James Blake)",Jay Rock,spotify:track:6tDxrq4FxEL2q15y37tXT9,0.773,0.54,6,-7.123,1,0.103,0.371,0,0.131,0.322,84.115,audio_features,6tDxrq4FxEL2q15y37tXT9,spotify:track:6tDxrq4FxEL2q15y37tXT9,https://api.spotify.com/v1/tracks/6tDxrq4FxEL2q15y37tXT9,https://api.spotify.com/v1/audio-analysis/6tDxrq4FxEL2q15y37tXT9,280000,4
Respect - 2005 Remaster,The Notorious B.I.G.,spotify:track:6tDxrq4FxEL2q15y37tXT9,0.773,0.54,6,-7.123,1,0.103,0.371,0,0.131,0.322,84.115,audio_features,6tDxrq4FxEL2q15y37tXT9,spotify:track:6tDxrq4FxEL2q15y37tXT9,https://api.spotify.com/v1/tracks/6tDxrq4FxEL2q15y37tXT9,https://api.spotify.com/v1/audio-analysis/6tDxrq4FxEL2q15y37tXT9,280000,4
Clap Back,Ja Rule,spotify:track:6tDxrq4FxEL2q15y37tXT9,0.773,0.54,6,-7.123,1,0.103,0.371,0,0.131,0.322,84.115,audio_features,6tDxrq4FxEL2q15y37tXT9,spotify:track:6tDxrq4FxEL2q15y37tXT9,https://api.spotify.com/v1/tracks/6tDxrq4FxEL2q15y37tXT9,https://api.spotify.com/v1/audio-analysis/6tDxrq4FxEL2q15y37tXT9,280000,4
Ready or Not,Fugees,spotify:track:6tDxrq4FxEL2q15y37tXT9,0.773,0.54,6,-7.123,1,0.103,0.371,0,0.131,0.322,84.115,audio_features,6tDxrq4FxEL2q15y37tXT9,spotify:track:6tDxrq4FxEL2q15y37tXT9,https://api.spotify.com/v1/tracks/6tDxrq4FxEL2q15y37tXT9,https://api.spotify.com/v1/audio-analysis/6tDxrq4FxEL2q15y37tXT9,280000,4
Hate It Or Love It,The Game,spotify:track:6tDxrq4FxEL2q15y37tXT9,0.773,0.54,6,-7.123,1,0.103,0.371,0,0.131,0.322,84.115,audio_features,6tDxrq4FxEL2q15y37tXT9,spotify:track:6tDxrq4FxEL2q15y37tXT9,https://api.spotify.com/v1/tracks/6tDxrq4FxEL2q15y37tXT9,https://api.spotify.com/v1/audio-analysis/6tDxrq4FxEL2q15y37tXT9,280000,4
I Got Cha Opin,Black Moon,spotify:track:6tDxrq4FxEL2q15y37tXT9,0.773,0.54,6,-7.123,1,0.103,0.371,0,0.131,0.322,84.115,audio_features,6tDxrq4FxEL2q15y37tXT9,spotify:track:6tDxrq4FxEL2q15y37tXT9,https://api.spotify.com/v1/tracks/6tDxrq4FxEL2q15y37tXT9,https://api.spotify.com/v1/audio-analysis/6tDxrq4FxEL2q15y37tXT9,280000,4
Deep Cover,Fat Joe,spotify:track:6tDxrq4FxEL2q15y37tXT9,0.773,0.54,6,-7.123,1,0.103,0.371,0,0.131,0.322,84.115,audio_features,6tDxrq4FxEL2q15y37tXT9,spotify:track:6tDxrq4FxEL2q15y37tXT9,https://api.spotify.com/v1/tracks/6tDxrq4FxEL2q15y37tXT9,https://api.spotify.com/v1/audio-analysis/6tDxrq4FxEL2q15y37tXT9,280000,4
Dead Wrong (feat. Eminem) - 2007 Remaster,The Notorious B.I.G.,spotify:track:6tDxrq4FxEL2q15y37tXT9,0.773,0.54,6,-7.123,1,0.103,0.371,0,0.131,0.322,84.115,audio_features,6tDxrq4FxEL2q15y37tXT9,spotify:track:6tDxrq4FxEL2q15y37tXT9,https://api.spotify.com/v1/tracks/6tDxrq4FxEL2q15y37tXT9,https://api.spotify.com/v1/audio-analysis/6tDxrq4FxEL2q15y37tXT9,280000,4
Get Money (feat. Junior M.A.F.I.A.) - 2007 Remaster,The Notorious B.I.G.,spotify:track:6tDxrq4FxEL2q15y37tXT9,0.773,0.54,6,-7.123,1,0.103,0.371,0,0.131,0.322,84.115,audio_features,6tDxrq4FxEL2q15y37tXT9,spotify:track:6tDxrq4FxEL2q15y37tXT9,https://api.spotify.com/v1/tracks/6tDxrq4FxEL2q15y37tXT9,https://api.spotify.com/v1/audio-analysis/6tDxrq4FxEL2q15y37tXT9,280000,4
"Hustler's Story (feat. Scarface, Akon & Big Gee)",The Notorious B.I.G.,spotify:track:6tDxrq4FxEL2q15y37tXT9,0.773,0.54,6,-7.123,1,0.103,0.371,0,0.131,0.322,84.115,audio_features,6tDxrq4FxEL2q15y37tXT9,spotify:track:6tDxrq4FxEL2q15y37tXT9,https://api.spotify.com/v1/tracks/6tDxrq4FxEL2q15y37tXT9,https://api.spotify.com/v1/audio-analysis/6tDxrq4FxEL2q15y37tXT9,280000,4
"Nasty Girl (feat. Diddy, Nelly, Jagged Edge & Avery Storm) - 2007 Remaster",The Notorious B.I.G.,spotify:track:6tDxrq4FxEL2q15y37tXT9,0.773,0.54,6,-7.123,1,0.103,0.371,0,0.131,0.322,84.115,audio_features,6tDxrq4FxEL2q15y37tXT9,spotify:track:6tDxrq4FxEL2q15y37tXT9,https://api.spotify.com/v1/tracks/6tDxrq4FxEL2q15y37tXT9,https://api.spotify.com/v1/audio-analysis/6tDxrq4FxEL2q15y37tXT9,280000,4
Niggas Bleed - 2007 Remaster,The Notorious B.I.G.,spotify:track:6tDxrq4FxEL2q15y37tXT9,0.773,0.54,6,-7.123,1,0.103,0.371,0,0.131,0.322,84.115,audio_features,6tDxrq4FxEL2q15y37tXT9,spotify:track:6tDxrq4FxEL2q15y37tXT9,https://api.spotify.com/v1/tracks/6tDxrq4FxEL2q15y37tXT9,https://api.spotify.com/v1/audio-analysis/6tDxrq4FxEL2q15y37tXT9,280000,4
"Picture Me Rollin' (ft. Danny Boy, CPO, Big Syke)",2Pac,spotify:track:6tDxrq4FxEL2q15y37tXT9,0.773,0.54,6,-7.123,1,0.103,0.371,0,0.131,0.322,84.115,audio_features,6tDxrq4FxEL2q15y37tXT9,spotify:track:6tDxrq4FxEL2q15y37tXT9,https://api.spotify.com/v1/tracks/6tDxrq4FxEL2q15y37tXT9,https://api.spotify.com/v1/audio-analysis/6tDxrq4FxEL2q15y37tXT9,280000,4
Only God Can Judge Me (ft. Rappin' 4-Tay),2Pac,spotify:track:6tDxrq4FxEL2q15y37tXT9,0.773,0.54,6,-7.123,1,0.103,0.371,0,0.131,0.322,84.115,audio_features,6tDxrq4FxEL2q15y37tXT9,spotify:track:6tDxrq4FxEL2q15y37tXT9,https://api.spotify.com/v1/tracks/6tDxrq4FxEL2q15y37tXT9,https://api.spotify.com/v1/audio-analysis/6tDxrq4FxEL2q15y37tXT9,280000,4
Check Yo Self - Remix,Ice Cube,spotify:track:6tDxrq4FxEL2q15y37tXT9,0.773,0.54,6,-7.123,1,0.103,0.371,0,0.131,0.322,84.115,audio_features,6tDxrq4FxEL2q15y37tXT9,spotify:track:6tDxrq4FxEL2q15y37tXT9,https://api.spotify.com/v1/tracks/6tDxrq4FxEL2q15y37tXT9,https://api.spotify.com/v1/audio-analysis/6tDxrq4FxEL2q15y37tXT9,280000,4
DNA.,Kendrick Lamar,spotify:track:6tDxrq4FxEL2q15y37tXT9,0.773,0.54,6,-7.123,1,0.103,0.371,0,0.131,0.322,84.115,audio_features,6tDxrq4FxEL2q15y37tXT9,spotify:track:6tDxrq4FxEL2q15y37tXT9,https://api.spotify.com/v1/tracks/6tDxrq4FxEL2q15y37tXT9,https://api.spotify.com/v1/audio-analysis/6tDxrq4FxEL2q15y37tXT9,280000,4
Unbelievable - 2007 Remaster,The Notorious B.I.G.,spotify:track:6tDxrq4FxEL2q15y37tXT9,0.773,0.54,6,-7.123,1,0.103,0.371,0,0.131,0.322,84.115,audio_features,6tDxrq4FxEL2q15y37tXT9,spotify:track:6tDxrq4FxEL2q15y37tXT9,https://api.spotify.com/v1/tracks/6tDxrq4FxEL2q15y37tXT9,https://api.spotify.com/v1/audio-analysis/6tDxrq4FxEL2q15y37tXT9,280000,4
Ten Crack Commandments - 2007 Remaster,The Notorious B.I.G.,spotify:track:6tDxrq4FxEL2q15y37tXT9,0.773,0.54,6,-7.123,1,0.103,0.371,0,0.131,0.322,84.115,audio_features,6tDxrq4FxEL2q15y37tXT9,spotify:track:6tDxrq4FxEL2q15y37tXT9,https://api.spotify.com/v1/tracks/6tDxrq4FxEL2q15y37tXT9,https://api.spotify.com/v1/audio-analysis/6tDxrq4FxEL2q15y37tXT9,280000,4
One More Chance / Stay with Me - Remix; 2007 Remaster,The Notorious B.I.G.,spotify:track:6tDxrq4FxEL2q15y37tXT9,0.773,0.54,6,-7.123,1,0.103,0.371,0,0.131,0.322,84.115,audio_features,6tDxrq4FxEL2q15y37tXT9,spotify:track:6tDxrq4FxEL2q15y37tXT9,https://api.spotify.com/v1/tracks/6tDxrq4FxEL2q15y37tXT9,https://api.spotify.com/v1/audio-analysis/6tDxrq4FxEL2q15y37tXT9,280000,4
Warning - 2007 Remaster,The Notorious B.I.G.,spotify:track:6tDxrq4FxEL2q15y37tXT9,0.773,0.54,6,-7.123,1,0.103,0.371,0,0.131,0.322,84.115,audio_features,6tDxrq4FxEL2q15y37tXT9,spotify:track:6tDxrq4FxEL2q15y37tXT9,https://api.spotify.com/v1/tracks/6tDxrq4FxEL2q15y37tXT9,https://api.spotify.com/v1/audio-analysis/6tDxrq4FxEL2q15y37tXT9,280000,4
Who Shot Ya? - 2007 Remaster,The Notorious B.I.G.,spotify:track:6tDxrq4FxEL2q15y37tXT9,0.773,0.54,6,-7.123,1,0.103,0.371,0,0.131,0.322,84.115,audio_features,6tDxrq4FxEL2q15y37tXT9,spotify:track:6tDxrq4FxEL2q15y37tXT9,https://api.spotify.com/v1/tracks/6tDxrq4FxEL2q15y37tXT9,https://api.spotify.com/v1/audio-analysis/6tDxrq4FxEL2q15y37tXT9,280000,4
Here I Am,Rick Ross,spotify:track:6tDxrq4FxEL2q15y37tXT9,0.773,0.54,6,-7.123,1,0.103,0.371,0,0.131,0.322,84.115,audio_features,6tDxrq4FxEL2q15y37tXT9,spotify:track:6tDxrq4FxEL2q15y37tXT9,https://api.spotify.com/v1/tracks/6tDxrq4FxEL2q15y37tXT9,https://api.spotify.com/v1/audio-analysis/6tDxrq4FxEL2q15y37tXT9,280000,4
Notorious B.I.G. (feat. Lil' Kim & Puff Daddy) - 2007 Remaster,The Notorious B.I.G.,spotify:track:6tDxrq4FxEL2q15y37tXT9,0.773,0.54,6,-7.123,1,0.103,0.371,0,0.131,0.322,84.115,audio_features,6tDxrq4FxEL2q15y37tXT9,spotify:track:6tDxrq4FxEL2q15y37tXT9,https://api.spotify.com/v1/tracks/6tDxrq4FxEL2q15y37tXT9,https://api.spotify.com/v1/audio-analysis/6tDxrq4FxEL2q15y37tXT9,280000,4
Notorious Thugs (feat. Bone Thugs-n-Harmony) - 2007 Remaster,The Notorious B.I.G.,spotify:track:6tDxrq4FxEL2q15y37tXT9,0.773,0.54,6,-7.123,1,0.103,0.371,0,0.131,0.322,84.115,audio_features,6tDxrq4FxEL2q15y37tXT9,spotify:track:6tDxrq4FxEL2q15y37tXT9,https://api.spotify.com/v1/tracks/6tDxrq4FxEL2q15y37tXT9,https://api.spotify.com/v1/audio-analysis/6tDxrq4FxEL2q15y37tXT9,280000,4
"All About U (ft. Nate Dogg, Snoop Dogg, Fatal, Yani Hadati)",2Pac,spotify:track:6tDxrq4FxEL2q15y37tXT9,0.773,0.54,6,-7.123,1,0.103,0.371,0,0.131,0.322,84.115,audio_features,6tDxrq4FxEL2q15y37tXT9,spotify:track:6tDxrq4FxEL2q15y37tXT9,https://api.spotify.com/v1/tracks/6tDxrq4FxEL2q15y37tXT9,https://api.spotify.com/v1/audio-analysis/6tDxrq4FxEL2q15y37tXT9,280000,4
Hell on Earth (Front Lines),Mobb Deep,spotify:track:6tDxrq4FxEL2q15y37tXT9,0.773,0.54,6,-7.123,1,0.103,0.371,0,0.131,0.322,84.115,audio_features,6tDxrq4FxEL2q15y37tXT9,spotify:track:6tDxrq4FxEL2q15y37tXT9,https://api.spotify.com/v1/tracks/6tDxrq4FxEL2q15y37tXT9,https://api.spotify.com/v1/audio-analysis/6tDxrq4FxEL2q15y37tXT9,280000,4
Heaven Ain't Hard 2 Find,2Pac,spotify:track:6tDxrq4FxEL2q15y37tXT9,0.773,0.54,6,-7.123,1,0.103,0.371,0,0.131,0.322,84.115,audio_features,6tDxrq4FxEL2q15y37tXT9,spotify:track:6tDxrq4FxEL2q15y37tXT9,https://api.spotify.com/v1/tracks/6tDxrq4FxEL2q15y37tXT9,https://api.spotify.com/v1/audio-analysis/6tDxrq4FxEL2q15y37tXT9,280000,4
Poppin' Them Thangs,G-Unit,spotify:track:6tDxrq4FxEL2q15y37tXT9,0.773,0.54,6,-7.123,1,0.103,0.371,0,0.131,0.322,84.115,audio_features,6tDxrq4FxEL2q15y37tXT9,spotify:track:6tDxrq4FxEL2q15y37tXT9,https://api.spotify.com/v1/tracks/6tDxrq4FxEL2q15y37tXT9,https://api.spotify.com/v1/audio-analysis/6tDxrq4FxEL2q15y37tXT9,280000,4
(Holy Matrimony) Letter To The Firm,Foxy Brown,spotify:track:6tDxrq4FxEL2q15y37tXT9,0.773,0.54,6,-7.123,1,0.103,0.371,0,0.131,0.322,84.115,audio_features,6tDxrq4FxEL2q15y37tXT9,spotify:track:6tDxrq4FxEL2q15y37tXT9,https://api.spotify.com/v1/tracks/6tDxrq4FxEL2q15y37tXT9,https://api.spotify.com/v1/audio-analysis/6tDxrq4FxEL2q15y37tXT9,280000,4
Get Me Home,Foxy Brown,spotify:track:6tDxrq4FxEL2q15y37tXT9,0.773,0.54,6,-7.123,1,0.103,0.371,0,0.131,0.322,84.115,audio_features,6tDxrq4FxEL2q15y37tXT9,spotify:track:6tDxrq4FxEL2q15y37tXT9,https://api.spotify.com/v1/tracks/6tDxrq4FxEL2q15y37tXT9,https://api.spotify.com/v1/audio-analysis/6tDxrq4FxEL2q15y37tXT9,280000,4
Ill Na Na,Foxy Brown,spotify:track:6tDxrq4FxEL2q15y37tXT9,0.773,0.54,6,-7.123,1,0.103,0.371,0,0.131,0.322,84.115,audio_features,6tDxrq4FxEL2q15y37tXT9,spotify:track:6tDxrq4FxEL2q15y37tXT9,https://api.spotify.com/v1/tracks/6tDxrq4FxEL2q15y37tXT9,https://api.spotify.com/v1/audio-analysis/6tDxrq4FxEL2q15y37tXT9,280000,4
"Protect Ya Neck (feat. RZA, Method Man, Inspectah Deck, Raekwon, U-God, Ol' Dirty Bastard, Ghostface Killah & GZA)",Wu-Tang Clan,spotify:track:6tDxrq4FxEL2q15y37tXT9,0.773,0.54,6,-7.123,1,0.103,0.371,0,0.131,0.322,84.115,audio_features,6tDxrq4FxEL2q15y37tXT9,spotify:track:6tDxrq4FxEL2q15y37tXT9,https://api.spotify.com/v1/tracks/6tDxrq4FxEL2q15y37tXT9,https://api.spotify.com/v1/audio-analysis/6tDxrq4FxEL2q15y37tXT9,280000,4
"Protect Ya Neck (feat. RZA, Method Man, Inspectah Deck, Raekwon, U-God, Ol' Dirty Bastard, Ghostface Killah & GZA) - Shao Lin Version",Wu-Tang Clan,spotify:track:6tDxrq4FxEL2q15y37tXT9,0.773,0.54,6,-7.123,1,0.103,0.371,0,0.131,0.322,84.115,audio_features,6tDxrq4FxEL2q15y37tXT9,spotify:track:6tDxrq4FxEL2q15y37tXT9,https://api.spotify.com/v1/tracks/6tDxrq4FxEL2q15y37tXT9,https://api.spotify.com/v1/audio-analysis/6tDxrq4FxEL2q15y37tXT9,280000,4
You Know How We Do It,Ice Cube,spotify:track:6tDxrq4FxEL2q15y37tXT9,0.773,0.54,6,-7.123,1,0.103,0.371,0,0.131,0.322,84.115,audio_features,6tDxrq4FxEL2q15y37tXT9,spotify:track:6tDxrq4FxEL2q15y37tXT9,https://api.spotify.com/v1/tracks/6tDxrq4FxEL2q15y37tXT9,https://api.spotify.com/v1/audio-analysis/6tDxrq4FxEL2q15y37tXT9,280000,4
"Wu-Tang: 7th Chamber (feat. Raekwon, Method Man, Inspectah Deck, Ghostface Killah, RZA, Ol' Dirty Bastard & GZA)",Wu-Tang Clan,spotify:track:6tDxrq4FxEL2q15y37tXT9,0.773,0.54,6,-7.123,1,0.103,0.371,0,0.131,0.322,84.115,audio_features,6tDxrq4FxEL2q15y37tXT9,spotify:track:6tDxrq4FxEL2q15y37tXT9,https://api.spotify.com/v1/tracks/6tDxrq4FxEL2q15y37tXT9,https://api.spotify.com/v1/audio-analysis/6tDxrq4FxEL2q15y37tXT9,280000,4
"Wu-Tang Clan Ain't Nuthing ta F' Wit (feat. RZA, Inspectah Deck & Method Man)",Wu-Tang Clan,spotify:track:6tDxrq4FxEL2q15y37tXT9,0.773,0.54,6,-7.123,1,0.103,0.371,0,0.131,0.322,84.115,audio_features,6tDxrq4FxEL2q15y37tXT9,spotify:track:6tDxrq4FxEL2q15y37tXT9,https://api.spotify.com/v1/tracks/6tDxrq4FxEL2q15y37tXT9,https://api.spotify.com/v1/audio-analysis/6tDxrq4FxEL2q15y37tXT9,280000,4
Method Man (feat. Method Man) - Home Grown Version,Wu-Tang Clan,spotify:track:6tDxrq4FxEL2q15y37tXT9,0.773,0.54,6,-7.123,1,0.103,0.371,0,0.131,0.322,84.115,audio_features,6tDxrq4FxEL2q15y37tXT9,spotify:track:6tDxrq4FxEL2q15y37tXT9,https://api.spotify.com/v1/tracks/6tDxrq4FxEL2q15y37tXT9,https://api.spotify.com/v1/audio-analysis/6tDxrq4FxEL2q15y37tXT9,280000,4
Gangsta's Paradise,Coolio,spotify:track:6tDxrq4FxEL2q15y37tXT9,0.773,0.54,6,-7.123,1,0.103,0.371,0,0.131,0.322,84.115,audio_features,6tDxrq4FxEL2q15y37tXT9,spotify:track:6tDxrq4FxEL2q15y37tXT9,https://api.spotify.com/v1/tracks/6tDxrq4FxEL2q15y37tXT9,https://api.spotify.com/v1/audio-analysis/6tDxrq4FxEL2q15y37tXT9,280000,4
Shorty Wanna Be A Thug,2Pac,spotify:track:6tDxrq4FxEL2q15y37tXT9,0.773,0.54,6,-7.123,1,0.103,0.371,0,0.131,0.322,84.115,audio_features,6tDxrq4FxEL2q15y37tXT9,spotify:track:6tDxrq4FxEL2q15y37tXT9,https://api.spotify.com/v1/tracks/6tDxrq4FxEL2q15y37tXT9,https://api.spotify.com/v1/audio-analysis/6tDxrq4FxEL2q15y37tXT9,280000,4
Survival of the Fittest,Mobb Deep,spotify:track:6tDxrq4FxEL2q15y37tXT9,0.773,0.54,6,-7.123,1,0.103,0.371,0,0.131,0.322,84.115,audio_features,6tDxrq4FxEL2q15y37tXT9,spotify:track:6tDxrq4FxEL2q15y37tXT9,https://api.spotify.com/v1/tracks/6tDxrq4FxEL2q15y37tXT9,https://api.spotify.com/v1/audio-analysis/6tDxrq4FxEL2q15y37tXT9,280000,4
How Long Will They Mourn Me?,Thug Life,spotify:track:6tDxrq4FxEL2q15y37tXT9,0.773,0.54,6,-7.123,1,0.103,0.371,0,0.131,0.322,84.115,audio_features,6tDxrq4FxEL2q15y37tXT9,spotify:track:6tDxrq4FxEL2q15y37tXT9,https://api.spotify.com/v1/tracks/6tDxrq4FxEL2q15y37tXT9,https://api.spotify.com/v1/audio-analysis/6tDxrq4FxEL2q15y37tXT9,280000,4
Me And My Girlfriend,Makaveli,spotify:track:6tDxrq4FxEL2q15y37tXT9,0.773,0.54,6,-7.123,1,0.103,0.371,0,0.131,0.322,84.115,audio_features,6tDxrq4FxEL2q15y37tXT9,spotify:track:6tDxrq4FxEL2q15y37tXT9,https://api.spotify.com/v1/tracks/6tDxrq4FxEL2q15y37tXT9,https://api.spotify.com/v1/audio-analysis/6tDxrq4FxEL2q15y37tXT9,280000,4
So Many Tears,2Pac,spotify:track:6tDxrq4FxEL2q15y37tXT9,0.773,0.54,6,-7.123,1,0.103,0.371,0,0.131,0.322,84.115,audio_features,6tDxrq4FxEL2q15y37tXT9,spotify:track:6tDxrq4FxEL2q15y37tXT9,https://api.spotify.com/v1/tracks/6tDxrq4FxEL2q15y37tXT9,https://api.spotify.com/v1/audio-analysis/6tDxrq4FxEL2q15y37tXT9,280000,4
"Bring Da Ruckus (feat. RZA, Ghostface Killah, Raekwon & Inspectah Deck)",Wu-Tang Clan,spotify:track:6tDxrq4FxEL2q15y37tXT9,0.773,0.54,6,-7.123,1,0.103,0.371,0,0.131,0.322,84.115,audio_features,6tDxrq4FxEL2q15y37tXT9,spotify:track:6tDxrq4FxEL2q15y37tXT9,https://api.spotify.com/v1/tracks/6tDxrq4FxEL2q15y37tXT9,https://api.spotify.com/v1/audio-analysis/6tDxrq4FxEL2q15y37tXT9,280000,4
Clan In Da Front (feat. RZA & GZA),Wu-Tang Clan,spotify:track:6tDxrq4FxEL2q15y37tXT9,0.773,0.54,6,-7.123,1,0.103,0.371,0,0.131,0.322,84.115,audio_features,6tDxrq4FxEL2q15y37tXT9,spotify:track:6tDxrq4FxEL2q15y37tXT9,https://api.spotify.com/v1/tracks/6tDxrq4FxEL2q15y37tXT9,https://api.spotify.com/v1/audio-analysis/6tDxrq4FxEL2q15y37tXT9,280000,4
"C.R.E.A.M. (Cash Rules Everything Around Me) (feat. Method Man, Raekwon, Inspectah Deck & Buddha Monk)",Wu-Tang Clan,spotify:track:6tDxrq4FxEL2q15y37tXT9,0.773,0.54,6,-7.123,1,0.103,0.371,0,0.131,0.322,84.115,audio_features,6tDxrq4FxEL2q15y37tXT9,spotify:track:6tDxrq4FxEL2q15y37tXT9,https://api.spotify.com/v1/tracks/6tDxrq4FxEL2q15y37tXT9,https://api.spotify.com/v1/audio-analysis/6tDxrq4FxEL2q15y37tXT9,280000,4
"Da Mystery of Chessboxin' (feat. Method Man, U-God, Inspectah Deck, Raekwon, Ol' Dirty Bastard, Ghostface Killah & Masta Killa)",Wu-Tang Clan,spotify:track:6tDxrq4FxEL2q15y37tXT9,0.773,0.54,6,-7.123,1,0.103,0.371,0,0.131,0.322,84.115,audio_features,6tDxrq4FxEL2q15y37tXT9,spotify:track:6tDxrq4FxEL2q15y37tXT9,https://api.spotify.com/v1/tracks/6tDxrq4FxEL2q15y37tXT9,https://api.spotify.com/v1/audio-analysis/6tDxrq4FxEL2q15y37tXT9,280000,4
What's Luv? (feat. Ja-Rule & Ashanti),Fat Joe,spotify:track:6tDxrq4FxEL2q15y37tXT9,0.773,0.54,6,-7.123,1,0.103,0.371,0,0.131,0.322,84.115,audio_features,6tDxrq4FxEL2q15y37tXT9,spotify:track:6tDxrq4FxEL2q15y37tXT9,https://api.spotify.com/v1/tracks/6tDxrq4FxEL2q15y37tXT9,https://api.spotify.com/v1/audio-analysis/6tDxrq4FxEL2q15y37tXT9,280000,4
Notorious Thugs - 2014 Remaster,The Notorious B.I.G.,spotify:track:6tDxrq4FxEL2q15y37tXT9,0.773,0.54,6,-7.123,1,0.103,0.371,0,0.131,0.322,84.115,audio_features,6tDxrq4FxEL2q15y37tXT9,spotify:track:6tDxrq4FxEL2q15y37tXT9,https://api.spotify.com/v1/tracks/6tDxrq4FxEL2q15y37tXT9,https://api.spotify.com/v1/audio-analysis/6tDxrq4FxEL2q15y37tXT9,280000,4
HUMBLE.,Kendrick Lamar,spotify:track:6tDxrq4FxEL2q15y37tXT9,0.773,0.54,6,-7.123,1,0.103,0.371,0,0.131,0.322,84.115,audio_features,6tDxrq4FxEL2q15y37tXT9,spotify:track:6tDxrq4FxEL2q15y37tXT9,https://api.spotify.com/v1/tracks/6tDxrq4FxEL2q15y37tXT9,https://api.spotify.com/v1/audio-analysis/6tDxrq4FxEL2q15y37tXT9,280000,4
Machine Gun Funk - 2006 Remaster,The Notorious B.I.G.,spotify:track:6tDxrq4FxEL2q15y37tXT9,0.773,0.54,6,-7.123,1,0.103,0.371,0,0.131,0.322,84.115,audio_features,6tDxrq4FxEL2q15y37tXT9,spotify:track:6tDxrq4FxEL2q15y37tXT9,https://api.spotify.com/v1/tracks/6tDxrq4FxEL2q15y37tXT9,https://api.spotify.com/v1/audio-analysis/6tDxrq4FxEL2q15y37tXT9,280000,4
Mafia Music,Rick Ross,spotify:track:6tDxrq4FxEL2q15y37tXT9,0.773,0.54,6,-7.123,1,0.103,0.371,0,0.131,0.322,84.115,audio_features,6tDxrq4FxEL2q15y37tXT9,spotify:track:6tDxrq4FxEL2q15y37tXT9,https://api.spotify.com/v1/tracks/6tDxrq4FxEL2q15y37tXT9,https://api.spotify.com/v1/audio-analysis/6tDxrq4FxEL2q15y37tXT9,280000,4
Stainless,The Game,spotify:track:6tDxrq4FxEL2q15y37tXT9,0.773,0.54,6,-7.123,1,0.103,0.371,0,0.131,0.322,84.115,audio_features,6tDxrq4FxEL2q15y37tXT9,spotify:track:6tDxrq4FxEL2q15y37tXT9,https://api.spotify.com/v1/tracks/6tDxrq4FxEL2q15y37tXT9,https://api.spotify.com/v1/audio-analysis/6tDxrq4FxEL2q15y37tXT9,280000,4
Changes,2Pac,spotify:track:6tDxrq4FxEL2q15y37tXT9,0.773,0.54,6,-7.123,1,0.103,0.371,0,0.131,0.322,84.115,audio_features,6tDxrq4FxEL2q15y37tXT9,spotify:track:6tDxrq4FxEL2q15y37tXT9,https://api.spotify.com/v1/tracks/6tDxrq4FxEL2q15y37tXT9,https://api.spotify.com/v1/audio-analysis/6tDxrq4FxEL2q15y37tXT9,280000,4
Dear Mama,2Pac,spotify:track:6tDxrq4FxEL2q15y37tXT9,0.773,0.54,6,-7.123,1,0.103,0.371,0,0.131,0.322,84.115,audio_features,6tDxrq4FxEL2q15y37tXT9,spotify:track:6tDxrq4FxEL2q15y37tXT9,https://api.spotify.com/v1/tracks/6tDxrq4FxEL2q15y37tXT9,https://api.spotify.com/v1/audio-analysis/6tDxrq4FxEL2q15y37tXT9,280000,4
Ambitionz Az A Ridah,2Pac,spotify:track:6tDxrq4FxEL2q15y37tXT9,0.773,0.54,6,-7.123,1,0.103,0.371,0,0.131,0.322,84.115,audio_features,6tDxrq4FxEL2q15y37tXT9,spotify:track:6tDxrq4FxEL2q15y37tXT9,https://api.spotify.com/v1/tracks/6tDxrq4FxEL2q15y37tXT9,https://api.spotify.com/v1/audio-analysis/6tDxrq4FxEL2q15y37tXT9,280000,4
Do For Love,2Pac,spotify:track:6tDxrq4FxEL2q15y37tXT9,0.773,0.54,6,-7.123,1,0.103,0.371,0,0.131,0.322,84.115,audio_features,6tDxrq4FxEL2q15y37tXT9,spotify:track:6tDxrq4FxEL2q15y37tXT9,https://api.spotify.com/v1/tracks/6tDxrq4FxEL2q15y37tXT9,https://api.spotify.com/v1/audio-analysis/6tDxrq4FxEL2q15y37tXT9,280000,4
Ghetto Gospel,2Pac,spotify:track:6tDxrq4FxEL2q15y37tXT9,0.773,0.54,6,-7.123,1,0.103,0.371,0,0.131,0.322,84.115,audio_features,6tDxrq4FxEL2q15y37tXT9,spotify:track:6tDxrq4FxEL2q15y37tXT9,https://api.spotify.com/v1/tracks/6tDxrq4FxEL2q15y37tXT9,https://api.spotify.com/v1/audio-analysis/6tDxrq4FxEL2q15y37tXT9,280000,4
Thugs Get Lonely Too,2Pac,spotify:track:6tDxrq4FxEL2q15y37tXT9,0.773,0.54,6,-7.123,1,0.103,0.371,0,0.131,0.322,84.115,audio_features,6tDxrq4FxEL2q15y37tXT9,spotify:track:6tDxrq4FxEL2q15y37tXT9,https://api.spotify.com/v1/tracks/6tDxrq4FxEL2q15y37tXT9,https://api.spotify.com/v1/audio-analysis/6tDxrq4FxEL2q15y37tXT9,280000,4
Lil' Homies,2Pac,spotify:track:6tDxrq4FxEL2q15y37tXT9,0.773,0.54,6,-7.123,1,0.103,0.371,0,0.131,0.322,84.115,audio_features,6tDxrq4FxEL2q15y37tXT9,spotify:track:6tDxrq4FxEL2q15y37tXT9,https://api.spotify.com/v1/tracks/6tDxrq4FxEL2q15y37tXT9,https://api.spotify.com/v1/audio-analysis/6tDxrq4FxEL2q15y37tXT9,280000,4
Keep Ya Head Up,2Pac,spotify:track:6tDxrq4FxEL2q15y37tXT9,0.773,0.54,6,-7.123,1,0.103,0.371,0,0.131,0.322,84.115,audio_features,6tDxrq4FxEL2q15y37tXT9,spotify:track:6tDxrq4FxEL2q15y37tXT9,https://api.spotify.com/v1/tracks/6tDxrq4FxEL2q15y37tXT9,https://api.spotify.com/v1/audio-analysis/6tDxrq4FxEL2q15y37tXT9,280000,4
I Get Around,2Pac,spotify:track:6tDxrq4FxEL2q15y37tXT9,0.773,0.54,6,-7.123,1,0.103,0.371,0,0.131,0.322,84.115,audio_features,6tDxrq4FxEL2q15y37tXT9,spotify:track:6tDxrq4FxEL2q15y37tXT9,https://api.spotify.com/v1/tracks/6tDxrq4FxEL2q15y37tXT9,https://api.spotify.com/v1/audio-analysis/6tDxrq4FxEL2q15y37tXT9,280000,4
This D.J.,Warren G,spotify:track:6tDxrq4FxEL2q15y37tXT9,0.773,0.54,6,-7.123,1,0.103,0.371,0,0.131,0.322,84.115,audio_features,6tDxrq4FxEL2q15y37tXT9,spotify:track:6tDxrq4FxEL2q15y37tXT9,https://api.spotify.com/v1/tracks/6tDxrq4FxEL2q15y37tXT9,https://api.spotify.com/v1/audio-analysis/6tDxrq4FxEL2q15y37tXT9,280000,4
"Keep on Hustlin' (feat. Young Jeezy, Bun B, Nate Dogg)",Warren G,spotify:track:6tDxrq4FxEL2q15y37tXT9,0.773,0.54,6,-7.123,1,0.103,0.371,0,0.131,0.322,84.115,audio_features,6tDxrq4FxEL2q15y37tXT9,spotify:track:6tDxrq4FxEL2q15y37tXT9,https://api.spotify.com/v1/tracks/6tDxrq4FxEL2q15y37tXT9,https://api.spotify.com/v1/audio-analysis/6tDxrq4FxEL2q15y37tXT9,280000,4
Smokin' Me Out,Warren G,spotify:track:6tDxrq4FxEL2q15y37tXT9,0.773,0.54,6,-7.123,1,0.103,0.371,0,0.131,0.322,84.115,audio_features,6tDxrq4FxEL2q15y37tXT9,spotify:track:6tDxrq4FxEL2q15y37tXT9,https://api.spotify.com/v1/tracks/6tDxrq4FxEL2q15y37tXT9,https://api.spotify.com/v1/audio-analysis/6tDxrq4FxEL2q15y37tXT9,280000,4
Open Fire,2Pac,spotify:track:6tDxrq4FxEL2q15y37tXT9,0.773,0.54,6,-7.123,1,0.103,0.371,0,0.131,0.322,84.115,audio_features,6tDxrq4FxEL2q15y37tXT9,spotify:track:6tDxrq4FxEL2q15y37tXT9,https://api.spotify.com/v1/tracks/6tDxrq4FxEL2q15y37tXT9,https://api.spotify.com/v1/audio-analysis/6tDxrq4FxEL2q15y37tXT9,280000,4
You,Lloyd,spotify:track:6tDxrq4FxEL2q15y37tXT9,0.773,0.54,6,-7.123,1,0.103,0.371,0,0.131,0.322,84.115,audio_features,6tDxrq4FxEL2q15y37tXT9,spotify:track:6tDxrq4FxEL2q15y37tXT9,https://api.spotify.com/v1/tracks/6tDxrq4FxEL2q15y37tXT9,https://api.spotify.com/v1/audio-analysis/6tDxrq4FxEL2q15y37tXT9,280000,4
N.Y. State of Mind,Nas,spotify:track:6tDxrq4FxEL2q15y37tXT9,0.773,0.54,6,-7.123,1,0.103,0.371,0,0.131,0.322,84.115,audio_features,6tDxrq4FxEL2q15y37tXT9,spotify:track:6tDxrq4FxEL2q15y37tXT9,https://api.spotify.com/v1/tracks/6tDxrq4FxEL2q15y37tXT9,https://api.spotify.com/v1/audio-analysis/6tDxrq4FxEL2q15y37tXT9,280000,4
I'll Be Missing You (feat. 112),Diddy,spotify:track:6tDxrq4FxEL2q15y37tXT9,0.773,0.54,6,-7.123,1,0.103,0.371,0,0.131,0.322,84.115,audio_features,6tDxrq4FxEL2q15y37tXT9,spotify:track:6tDxrq4FxEL2q15y37tXT9,https://api.spotify.com/v1/tracks/6tDxrq4FxEL2q15y37tXT9,https://api.spotify.com/v1/audio-analysis/6tDxrq4FxEL2q15y37tXT9,280000,4
"Sweetest Girl (Dollar Bill) (feat. Akon, Lil' Wayne & Niia)",Wyclef Jean,spotify:track:6tDxrq4FxEL2q15y37tXT9,0.773,0.54,6,-7.123,1,0.103,0.371,0,0.131,0.322,84.115,audio_features,6tDxrq4FxEL2q15y37tXT9,spotify:track:6tDxrq4FxEL2q15y37tXT9,https://api.spotify.com/v1/tracks/6tDxrq4FxEL2q15y37tXT9,https://api.spotify.com/v1/audio-analysis/6tDxrq4FxEL2q15y37tXT9,280000,4
Suicidal Thoughts - 2005 Remaster,The Notorious B.I.G.,spotify:track:6tDxrq4FxEL2q15y37tXT9,0.773,0.54,6,-7.123,1,0.103,0.371,0,0.131,0.322,84.115,audio_features,6tDxrq4FxEL2q15y37tXT9,spotify:track:6tDxrq4FxEL2q15y37tXT9,https://api.spotify.com/v1/tracks/6tDxrq4FxEL2q15y37tXT9,https://api.spotify.com/v1/audio-analysis/6tDxrq4FxEL2q15y37tXT9,280000,4
N.T.,Q-Tip,spotify:track:6tDxrq4FxEL2q15y37tXT9,0.773,0.54,6,-7.123,1,0.103,0.371,0,0.131,0.322,84.115,audio_features,6tDxrq4FxEL2q15y37tXT9,spotify:track:6tDxrq4FxEL2q15y37tXT9,https://api.spotify.com/v1/tracks/6tDxrq4FxEL2q15y37tXT9,https://api.spotify.com/v1/audio-analysis/6tDxrq4FxEL2q15y37tXT9,280000,4
Passin' Me By,The Pharcyde,spotify:track:6tDxrq4FxEL2q15y37tXT9,0.773,0.54,6,-7.123,1,0.103,0.371,0,0.131,0.322,84.115,audio_features,6tDxrq4FxEL2q15y37tXT9,spotify:track:6tDxrq4FxEL2q15y37tXT9,https://api.spotify.com/v1/tracks/6tDxrq4FxEL2q15y37tXT9,https://api.spotify.com/v1/audio-analysis/6tDxrq4FxEL2q15y37tXT9,280000,4
I Really Want to Show You (feat. K-CI & Jo-Jo & Nas) - 2005 Remaster,The Notorious B.I.G.,spotify:track:6tDxrq4FxEL2q15y37tXT9,0.773,0.54,6,-7.123,1,0.103,0.371,0,0.131,0.322,84.115,audio_features,6tDxrq4FxEL2q15y37tXT9,spotify:track:6tDxrq4FxEL2q15y37tXT9,https://api.spotify.com/v1/tracks/6tDxrq4FxEL2q15y37tXT9,https://api.spotify.com/v1/audio-analysis/6tDxrq4FxEL2q15y37tXT9,280000,4
Can I Get Witcha (feat. Lil' Cease) - 2005 Remaster,The Notorious B.I.G.,spotify:track:6tDxrq4FxEL2q15y37tXT9,0.773,0.54,6,-7.123,1,0.103,0.371,0,0.131,0.322,84.115,audio_features,6tDxrq4FxEL2q15y37tXT9,spotify:track:6tDxrq4FxEL2q15y37tXT9,https://api.spotify.com/v1/tracks/6tDxrq4FxEL2q15y37tXT9,https://api.spotify.com/v1/audio-analysis/6tDxrq4FxEL2q15y37tXT9,280000,4
It Ain't Easy,2Pac,spotify:track:6tDxrq4FxEL2q15y37tXT9,0.773,0.54,6,-7.123,1,0.103,0.371,0,0.131,0.322,84.115,audio_features,6tDxrq4FxEL2q15y37tXT9,spotify:track:6tDxrq4FxEL2q15y37tXT9,https://api.spotify.com/v1/tracks/6tDxrq4FxEL2q15y37tXT9,https://api.spotify.com/v1/audio-analysis/6tDxrq4FxEL2q15y37tXT9,280000,4
Loyal To The Game - DJ Quik Remix (Explicit),2Pac,spotify:track:6tDxrq4FxEL2q15y37tXT9,0.773,0.54,6,-7.123,1,0.103,0.371,0,0.131,0.322,84.115,audio_features,6tDxrq4FxEL2q15y37tXT9,spotify:track:6tDxrq4FxEL2q15y37tXT9,https://api.spotify.com/v1/tracks/6tDxrq4FxEL2q15y37tXT9,https://api.spotify.com/v1/audio-analysis/6tDxrq4FxEL2q15y37tXT9,280000,4
Crooked Nigga Too - Raphael Saadiq Remix (Explicit),2Pac,spotify:track:6tDxrq4FxEL2q15y37tXT9,0.773,0.54,6,-7.123,1,0.103,0.371,0,0.131,0.322,84.115,audio_features,6tDxrq4FxEL2q15y37tXT9,spotify:track:6tDxrq4FxEL2q15y37tXT9,https://api.spotify.com/v1/tracks/6tDxrq4FxEL2q15y37tXT9,https://api.spotify.com/v1/audio-analysis/6tDxrq4FxEL2q15y37tXT9,280000,4
Loyal To The Game,2Pac,spotify:track:6tDxrq4FxEL2q15y37tXT9,0.773,0.54,6,-7.123,1,0.103,0.371,0,0.131,0.322,84.115,audio_features,6tDxrq4FxEL2q15y37tXT9,spotify:track:6tDxrq4FxEL2q15y37tXT9,https://api.spotify.com/v1/tracks/6tDxrq4FxEL2q15y37tXT9,https://api.spotify.com/v1/audio-analysis/6tDxrq4FxEL2q15y37tXT9,280000,4
Lookin' At You,Warren G,spotify:track:6tDxrq4FxEL2q15y37tXT9,0.773,0.54,6,-7.123,1,0.103,0.371,0,0.131,0.322,84.115,audio_features,6tDxrq4FxEL2q15y37tXT9,spotify:track:6tDxrq4FxEL2q15y37tXT9,https://api.spotify.com/v1/tracks/6tDxrq4FxEL2q15y37tXT9,https://api.spotify.com/v1/audio-analysis/6tDxrq4FxEL2q15y37tXT9,280000,4
Who Do You Love?,2Pac,spotify:track:6tDxrq4FxEL2q15y37tXT9,0.773,0.54,6,-7.123,1,0.103,0.371,0,0.131,0.322,84.115,audio_features,6tDxrq4FxEL2q15y37tXT9,spotify:track:6tDxrq4FxEL2q15y37tXT9,https://api.spotify.com/v1/tracks/6tDxrq4FxEL2q15y37tXT9,https://api.spotify.com/v1/audio-analysis/6tDxrq4FxEL2q15y37tXT9,280000,4
Crooked Nigga Too,2Pac,spotify:track:6tDxrq4FxEL2q15y37tXT9,0.773,0.54,6,-7.123,1,0.103,0.371,0,0.131,0.322,84.115,audio_features,6tDxrq4FxEL2q15y37tXT9,spotify:track:6tDxrq4FxEL2q15y37tXT9,https://api.spotify.com/v1/tracks/6tDxrq4FxEL2q15y37tXT9,https://api.spotify.com/v1/audio-analysis/6tDxrq4FxEL2q15y37tXT9,280000,4
Po Nigga Blues - Scott Storch Remix (Explicit),2Pac,spotify:track:6tDxrq4FxEL2q15y37tXT9,0.773,0.54,6,-7.123,1,0.103,0.371,0,0.131,0.322,84.115,audio_features,6tDxrq4FxEL2q15y37tXT9,spotify:track:6tDxrq4FxEL2q15y37tXT9,https://api.spotify.com/v1/tracks/6tDxrq4FxEL2q15y37tXT9,https://api.spotify.com/v1/audio-analysis/6tDxrq4FxEL2q15y37tXT9,280000,4
Thug Luv (feat. 2pac),Bone Thugs-N-Harmony,spotify:track:6tDxrq4FxEL2q15y37tXT9,0.773,0.54,6,-7.123,1,0.103,0.371,0,0.131,0.322,84.115,audio_features,6tDxrq4FxEL2q15y37tXT9,spotify:track:6tDxrq4FxEL2q15y37tXT9,https://api.spotify.com/v1/tracks/6tDxrq4FxEL2q15y37tXT9,https://api.spotify.com/v1/audio-analysis/6tDxrq4FxEL2q15y37tXT9,280000,4
I Got a Story to Tell - 2014 Remaster,The Notorious B.I.G.,spotify:track:6tDxrq4FxEL2q15y37tXT9,0.773,0.54,6,-7.123,1,0.103,0.371,0,0.131,0.322,84.115,audio_features,6tDxrq4FxEL2q15y37tXT9,spotify:track:6tDxrq4FxEL2q15y37tXT9,https://api.spotify.com/v1/tracks/6tDxrq4FxEL2q15y37tXT9,https://api.spotify.com/v1/audio-analysis/6tDxrq4FxEL2q15y37tXT9,280000,4
Beautiful,Snoop Dogg,spotify:track:6tDxrq4FxEL2q15y37tXT9,0.773,0.54,6,-7.123,1,0.103,0.371,0,0.131,0.322,84.115,audio_features,6tDxrq4FxEL2q15y37tXT9,spotify:track:6tDxrq4FxEL2q15y37tXT9,https://api.spotify.com/v1/tracks/6tDxrq4FxEL2q15y37tXT9,https://api.spotify.com/v1/audio-analysis/6tDxrq4FxEL2q15y37tXT9,280000,4
Oh No,Mos Def,spotify:track:6tDxrq4FxEL2q15y37tXT9,0.773,0.54,6,-7.123,1,0.103,0.371,0,0.131,0.322,84.115,audio_features,6tDxrq4FxEL2q15y37tXT9,spotify:track:6tDxrq4FxEL2q15y37tXT9,https://api.spotify.com/v1/tracks/6tDxrq4FxEL2q15y37tXT9,https://api.spotify.com/v1/audio-analysis/6tDxrq4FxEL2q15y37tXT9,280000,4
Ms. Fat Booty,Mos Def,spotify:track:6tDxrq4FxEL2q15y37tXT9,0.773,0.54,6,-7.123,1,0.103,0.371,0,0.131,0.322,84.115,audio_features,6tDxrq4FxEL2q15y37tXT9,spotify:track:6tDxrq4FxEL2q15y37tXT9,https://api.spotify.com/v1/tracks/6tDxrq4FxEL2q15y37tXT9,https://api.spotify.com/v1/audio-analysis/6tDxrq4FxEL2q15y37tXT9,280000,4
Stan,Eminem,spotify:track:6tDxrq4FxEL2q15y37tXT9,0.773,0.54,6,-7.123,1,0.103,0.371,0,0.131,0.322,84.115,audio_features,6tDxrq4FxEL2q15y37tXT9,spotify:track:6tDxrq4FxEL2q15y37tXT9,https://api.spotify.com/v1/tracks/6tDxrq4FxEL2q15y37tXT9,https://api.spotify.com/v1/audio-analysis/6tDxrq4FxEL2q15y37tXT9,280000,4
"Keep on Hustlin' (feat. Young Jeezy, Bun B, Nate Dogg)",Warren G,spotify:track:6tDxrq4FxEL2q15y37tXT9,0.773,0.54,6,-7.123,1,0.103,0.371,0,0.131,0.322,84.115,audio_features,6tDxrq4FxEL2q15y37tXT9,spotify:track:6tDxrq4FxEL2q15y37tXT9,https://api.spotify.com/v1/tracks/6tDxrq4FxEL2q15y37tXT9,https://api.spotify.com/v1/audio-analysis/6tDxrq4FxEL2q15y37tXT9,280000,4
The Fear In The Heart Of A Man,Q-Tip,spotify:track:6tDxrq4FxEL2q15y37tXT9,0.773,0.54,6,-7.123,1,0.103,0.371,0,0.131,0.322,84.115,audio_features,6tDxrq4FxEL2q15y37tXT9,spotify:track:6tDxrq4FxEL2q15y37tXT9,https://api.spotify.com/v1/tracks/6tDxrq4FxEL2q15y37tXT9,https://api.spotify.com/v1/audio-analysis/6tDxrq4FxEL2q15y37tXT9,280000,4
Won't Trade,Q-Tip,spotify:track:6tDxrq4FxEL2q15y37tXT9,0.773,0.54,6,-7.123,1,0.103,0.371,0,0.131,0.322,84.115,audio_features,6tDxrq4FxEL2q15y37tXT9,spotify:track:6tDxrq4FxEL2q15y37tXT9,https://api.spotify.com/v1/tracks/6tDxrq4FxEL2q15y37tXT9,https://api.spotify.com/v1/audio-analysis/6tDxrq4FxEL2q15y37tXT9,280000,4
Get A Hold,A Tribe Called Quest,spotify:track:6tDxrq4FxEL2q15y37tXT9,0.773,0.54,6,-7.123,1,0.103,0.371,0,0.131,0.322,84.115,audio_features,6tDxrq4FxEL2q15y37tXT9,spotify:track:6tDxrq4FxEL2q15y37tXT9,https://api.spotify.com/v1/tracks/6tDxrq4FxEL2q15y37tXT9,https://api.spotify.com/v1/audio-analysis/6tDxrq4FxEL2q15y37tXT9,280000,4
Real Things,Biggie Smalls,spotify:track:6tDxrq4FxEL2q15y37tXT9,0.773,0.54,6,-7.123,1,0.103,0.371,0,0.131,0.322,84.115,audio_features,6tDxrq4FxEL2q15y37tXT9,spotify:track:6tDxrq4FxEL2q15y37tXT9,https://api.spotify.com/v1/tracks/6tDxrq4FxEL2q15y37tXT9,https://api.spotify.com/v1/audio-analysis/6tDxrq4FxEL2q15y37tXT9,280000,4
I Tried,Bone Thugs-N-Harmony,spotify:track:6tDxrq4FxEL2q15y37tXT9,0.773,0.54,6,-7.123,1,0.103,0.371,0,0.131,0.322,84.115,audio_features,6tDxrq4FxEL2q15y37tXT9,spotify:track:6tDxrq4FxEL2q15y37tXT9,https://api.spotify.com/v1/tracks/6tDxrq4FxEL2q15y37tXT9,https://api.spotify.com/v1/audio-analysis/6tDxrq4FxEL2q15y37tXT9,280000,4
Going Back to Cali - 2014 Remaster,The Notorious B.I.G.,spotify:track:6tDxrq4FxEL2q15y37tXT9,0.773,0.54,6,-7.123,1,0.103,0.371,0,0.131,0.322,84.115,audio_features,6tDxrq4FxEL2q15y37tXT9,spotify:track:6tDxrq4FxEL2q15y37tXT9,https://api.spotify.com/v1/tracks/6tDxrq4FxEL2q15y37tXT9,https://api.spotify.com/v1/audio-analysis/6tDxrq4FxEL2q15y37tXT9,280000,4
Me Against The World,2Pac,spotify:track:6tDxrq4FxEL2q15y37tXT9,0.773,0.54,6,-7.123,1,0.103,0.371,0,0.131,0.322,84.115,audio_features,6tDxrq4FxEL2q15y37tXT9,spotify:track:6tDxrq4FxEL2q15y37tXT9,https://api.spotify.com/v1/tracks/6tDxrq4FxEL2q15y37tXT9,https://api.spotify.com/v1/audio-analysis/6tDxrq4FxEL2q15y37tXT9,280000,4
Krazy,Makaveli,spotify:track:6tDxrq4FxEL2q15y37tXT9,0.773,0.54,6,-7.123,1,0.103,0.371,0,0.131,0.322,84.115,audio_features,6tDxrq4FxEL2q15y37tXT9,spotify:track:6tDxrq4FxEL2q15y37tXT9,https://api.spotify.com/v1/tracks/6tDxrq4FxEL2q15y37tXT9,https://api.spotify.com/v1/audio-analysis/6tDxrq4FxEL2q15y37tXT9,280000,4
Bury Me A G,Thug Life,spotify:track:6tDxrq4FxEL2q15y37tXT9,0.773,0.54,6,-7.123,1,0.103,0.371,0,0.131,0.322,84.115,audio_features,6tDxrq4FxEL2q15y37tXT9,spotify:track:6tDxrq4FxEL2q15y37tXT9,https://api.spotify.com/v1/tracks/6tDxrq4FxEL2q15y37tXT9,https://api.spotify.com/v1/audio-analysis/6tDxrq4FxEL2q15y37tXT9,280000,4
Mo Money Mo Problems (feat. Puff Daddy & Mase) - 2014 Remaster,The Notorious B.I.G.,spotify:track:6tDxrq4FxEL2q15y37tXT9,0.773,0.54,6,-7.123,1,0.103,0.371,0,0.131,0.322,84.115,audio_features,6tDxrq4FxEL2q15y37tXT9,spotify:track:6tDxrq4FxEL2q15y37tXT9,https://api.spotify.com/v1/tracks/6tDxrq4FxEL2q15y37tXT9,https://api.spotify.com/v1/audio-analysis/6tDxrq4FxEL2q15y37tXT9,280000,4
Fuck Tha Police,N.W.A.,spotify:track:6tDxrq4FxEL2q15y37tXT9,0.773,0.54,6,-7.123,1,0.103,0.371,0,0.131,0.322,84.115,audio_features,6tDxrq4FxEL2q15y37tXT9,spotify:track:6tDxrq4FxEL2q15y37tXT9,https://api.spotify.com/v1/tracks/6tDxrq4FxEL2q15y37tXT9,https://api.spotify.com/v1/audio-analysis/6tDxrq4FxEL2q15y37tXT9,280000,4
Gotta Get Mine,MC Breed,spotify:track:6tDxrq4FxEL2q15y37tXT9,0.773,0.54,6,-7.123,1,0.103,0.371,0,0.131,0.322,84.115,audio_features,6tDxrq4FxEL2q15y37tXT9,spotify:track:6tDxrq4FxEL2q15y37tXT9,https://api.spotify.com/v1/tracks/6tDxrq4FxEL2q15y37tXT9,https://api.spotify.com/v1/audio-analysis/6tDxrq4FxEL2q15y37tXT9,280000,4
Brenda's Got A Baby,2Pac,spotify:track:6tDxrq4FxEL2q15y37tXT9,0.773,0.54,6,-7.123,1,0.103,0.371,0,0.131,0.322,84.115,audio_features,6tDxrq4FxEL2q15y37tXT9,spotify:track:6tDxrq4FxEL2q15y37tXT9,https://api.spotify.com/v1/tracks/6tDxrq4FxEL2q15y37tXT9,https://api.spotify.com/v1/audio-analysis/6tDxrq4FxEL2q15y37tXT9,280000,4
They Don't Give A F**** About Us,2Pac,spotify:track:6tDxrq4FxEL2q15y37tXT9,0.773,0.54,6,-7.123,1,0.103,0.371,0,0.131,0.322,84.115,audio_features,6tDxrq4FxEL2q15y37tXT9,spotify:track:6tDxrq4FxEL2q15y37tXT9,https://api.spotify.com/v1/tracks/6tDxrq4FxEL2q15y37tXT9,https://api.spotify.com/v1/audio-analysis/6tDxrq4FxEL2q15y37tXT9,280000,4
Mercy,Kanye West,spotify:track:6tDxrq4FxEL2q15y37tXT9,0.773,0.54,6,-7.123,1,0.103,0.371,0,0.131,0.322,84.115,audio_features,6tDxrq4FxEL2q15y37tXT9,spotify:track:6tDxrq4FxEL2q15y37tXT9,https://api.spotify.com/v1/tracks/6tDxrq4FxEL2q15y37tXT9,https://api.spotify.com/v1/audio-analysis/6tDxrq4FxEL2q15y37tXT9,280000,4
Doo Wop (That Thing),Ms. Lauryn Hill,spotify:track:6tDxrq4FxEL2q15y37tXT9,0.773,0.54,6,-7.123,1,0.103,0.371,0,0.131,0.322,84.115,audio_features,6tDxrq4FxEL2q15y37tXT9,spotify:track:6tDxrq4FxEL2q15y37tXT9,https://api.spotify.com/v1/tracks/6tDxrq4FxEL2q15y37tXT9,https://api.spotify.com/v1/audio-analysis/6tDxrq4FxEL2q15y37tXT9,280000,4
Lost Ones,Ms. Lauryn Hill,spotify:track:6tDxrq4FxEL2q15y37tXT9,0.773,0.54,6,-7.123,1,0.103,0.371,0,0.131,0.322,84.115,audio_features,6tDxrq4FxEL2q15y37tXT9,spotify:track:6tDxrq4FxEL2q15y37tXT9,https://api.spotify.com/v1/tracks/6tDxrq4FxEL2q15y37tXT9,https://api.spotify.com/v1/audio-analysis/6tDxrq4FxEL2q15y37tXT9,280000,4
Lost Ones,Ms. Lauryn Hill,spotify:track:6tDxrq4FxEL2q15y37tXT9,0.773,0.54,6,-7.123,1,0.103,0.371,0,0.131,0.322,84.115,audio_features,6tDxrq4FxEL2q15y37tXT9,spotify:track:6tDxrq4FxEL2q15y37tXT9,https://api.spotify.com/v1/tracks/6tDxrq4FxEL2q15y37tXT9,https://api.spotify.com/v1/audio-analysis/6tDxrq4FxEL2q15y37tXT9,280000,4
Hit 'Em Up - Single Version,2Pac,spotify:track:6tDxrq4FxEL2q15y37tXT9,0.773,0.54,6,-7.123,1,0.103,0.371,0,0.131,0.322,84.115,audio_features,6tDxrq4FxEL2q15y37tXT9,spotify:track:6tDxrq4FxEL2q15y37tXT9,https://api.spotify.com/v1/tracks/6tDxrq4FxEL2q15y37tXT9,https://api.spotify.com/v1/audio-analysis/6tDxrq4FxEL2q15y37tXT9,280000,4
To Live & Die In L.A.,2Pac,spotify:track:6tDxrq4FxEL2q15y37tXT9,0.773,0.54,6,-7.123,1,0.103,0.371,0,0.131,0.322,84.115,audio_features,6tDxrq4FxEL2q15y37tXT9,spotify:track:6tDxrq4FxEL2q15y37tXT9,https://api.spotify.com/v1/tracks/6tDxrq4FxEL2q15y37tXT9,https://api.spotify.com/v1/audio-analysis/6tDxrq4FxEL2q15y37tXT9,280000,4
The What,The Notorious B.I.G.,spotify:track:6tDxrq4FxEL2q15y37tXT9,0.773,0.54,6,-7.123,1,0.103,0.371,0,0.131,0.322,84.115,audio_features,6tDxrq4FxEL2q15y37tXT9,spotify:track:6tDxrq4FxEL2q15y37tXT9,https://api.spotify.com/v1/tracks/6tDxrq4FxEL2q15y37tXT9,https://api.spotify.com/v1/audio-analysis/6tDxrq4FxEL2q15y37tXT9,280000,4
Life's a Bitch (feat. AZ & Olu Dara),Nas,spotify:track:6tDxrq4FxEL2q15y37tXT9,0.773,0.54,6,-7.123,1,0.103,0.371,0,0.131,0.322,84.115,audio_features,6tDxrq4FxEL2q15y37tXT9,spotify:track:6tDxrq4FxEL2q15y37tXT9,https://api.spotify.com/v1/tracks/6tDxrq4FxEL2q15y37tXT9,https://api.spotify.com/v1/audio-analysis/6tDxrq4FxEL2q15y37tXT9,280000,4
Nas Is Like,Nas,spotify:track:6tDxrq4FxEL2q15y37tXT9,0.773,0.54,6,-7.123,1,0.103,0.371,0,0.131,0.322,84.115,audio_features,6tDxrq4FxEL2q15y37tXT9,spotify:track:6tDxrq4FxEL2q15y37tXT9,https://api.spotify.com/v1/tracks/6tDxrq4FxEL2q15y37tXT9,https://api.spotify.com/v1/audio-analysis/6tDxrq4FxEL2q15y37tXT9,280000,4
Give Up the Goods (Just Step) (feat. Big Noyd),Mobb Deep,spotify:track:6tDxrq4FxEL2q15y37tXT9,0.773,0.54,6,-7.123,1,0.103,0.371,0,0.131,0.322,84.115,audio_features,6tDxrq4FxEL2q15y37tXT9,spotify:track:6tDxrq4FxEL2q15y37tXT9,https://api.spotify.com/v1/tracks/6tDxrq4FxEL2q15y37tXT9,https://api.spotify.com/v1/audio-analysis/6tDxrq4FxEL2q15y37tXT9,280000,4
Just Playing (Dreams) - 2005 Remaster,The Notorious B.I.G.,spotify:track:6tDxrq4FxEL2q15y37tXT9,0.773,0.54,6,-7.123,1,0.103,0.371,0,0.131,0.322,84.115,audio_features,6tDxrq4FxEL2q15y37tXT9,spotify:track:6tDxrq4FxEL2q15y37tXT9,https://api.spotify.com/v1/tracks/6tDxrq4FxEL2q15y37tXT9,https://api.spotify.com/v1/audio-analysis/6tDxrq4FxEL2q15y37tXT9,280000,4
Party and Bullshit - 2008 Remaster,The Notorious B.I.G.,spotify:track:6tDxrq4FxEL2q15y37tXT9,0.773,0.54,6,-7.123,1,0.103,0.371,0,0.131,0.322,84.115,audio_features,6tDxrq4FxEL2q15y37tXT9,spotify:track:6tDxrq4FxEL2q15y37tXT9,https://api.spotify.com/v1/tracks/6tDxrq4FxEL2q15y37tXT9,https://api.spotify.com/v1/audio-analysis/6tDxrq4FxEL2q15y37tXT9,280000,4
Pour Out A Little Liquor,2Pac,spotify:track:6tDxrq4FxEL2q15y37tXT9,0.773,0.54,6,-7.123,1,0.103,0.371,0,0.131,0.322,84.115,audio_features,6tDxrq4FxEL2q15y37tXT9,spotify:track:6tDxrq4FxEL2q15y37tXT9,https://api.spotify.com/v1/tracks/6tDxrq4FxEL2q15y37tXT9,https://api.spotify.com/v1/audio-analysis/6tDxrq4FxEL2q15y37tXT9,280000,4
1970 Somethin' (feat. The Game & Faith Evans),The Notorious B.I.G.,spotify:track:6tDxrq4FxEL2q15y37tXT9,0.773,0.54,6,-7.123,1,0.103,0.371,0,0.131,0.322,84.115,audio_features,6tDxrq4FxEL2q15y37tXT9,spotify:track:6tDxrq4FxEL2q15y37tXT9,https://api.spotify.com/v1/tracks/6tDxrq4FxEL2q15y37tXT9,https://api.spotify.com/v1/audio-analysis/6tDxrq4FxEL2q15y37tXT9,280000,4
Money Trees,Kendrick Lamar,spotify:track:6tDxrq4FxEL2q15y37tXT9,0.773,0.54,6,-7.123,1,0.103,0.371,0,0.131,0.322,84.115,audio_features,6tDxrq4FxEL2q15y37tXT9,spotify:track:6tDxrq4FxEL2q15y37tXT9,https://api.spotify.com/v1/tracks/6tDxrq4FxEL2q15y37tXT9,https://api.spotify.com/v1/audio-analysis/6tDxrq4FxEL2q15y37tXT9,280000,4
Old School,2Pac,spotify:track:6tDxrq4FxEL2q15y37tXT9,0.773,0.54,6,-7.123,1,0.103,0.371,0,0.131,0.322,84.115,audio_features,6tDxrq4FxEL2q15y37tXT9,spotify:track:6tDxrq4FxEL2q15y37tXT9,https://api.spotify.com/v1/tracks/6tDxrq4FxEL2q15y37tXT9,https://api.spotify.com/v1/audio-analysis/6tDxrq4FxEL2q15y37tXT9,280000,4
Drop It Like It's Hot,Snoop Dogg,spotify:track:6tDxrq4FxEL2q15y37tXT9,0.773,0.54,6,-7.123,1,0.103,0.371,0,0.131,0.322,84.115,audio_features,6tDxrq4FxEL2q15y37tXT9,spotify:track:6tDxrq4FxEL2q15y37tXT9,https://api.spotify.com/v1/tracks/6tDxrq4FxEL2q15y37tXT9,https://api.spotify.com/v1/audio-analysis/6tDxrq4FxEL2q15y37tXT9,280000,4
Beautiful,Snoop Dogg,spotify:track:6tDxrq4FxEL2q15y37tXT9,0.773,0.54,6,-7.123,1,0.103,0.371,0,0.131,0.322,84.115,audio_features,6tDxrq4FxEL2q15y37tXT9,spotify:track:6tDxrq4FxEL2q15y37tXT9,https://api.spotify.com/v1/tracks/6tDxrq4FxEL2q15y37tXT9,https://api.spotify.com/v1/audio-analysis/6tDxrq4FxEL2q15y37tXT9,280000,4
"Nuthin' But A ""G"" Thang",Dr. Dre,spotify:track:6tDxrq4FxEL2q15y37tXT9,0.773,0.54,6,-7.123,1,0.103,0.371,0,0.131,0.322,84.115,audio_features,6tDxrq4FxEL2q15y37tXT9,spotify:track:6tDxrq4FxEL2q15y37tXT9,https://api.spotify.com/v1/tracks/6tDxrq4FxEL2q15y37tXT9,https://api.spotify.com/v1/audio-analysis/6tDxrq4FxEL2q15y37tXT9,280000,4
Still D.R.E.,Dr. Dre,spotify:track:6tDxrq4FxEL2q15y37tXT9,0.773,0.54,6,-7.123,1,0.103,0.371,0,0.131,0.322,84.115,audio_features,6tDxrq4FxEL2q15y37tXT9,spotify:track:6tDxrq4FxEL2q15y37tXT9,https://api.spotify.com/v1/tracks/6tDxrq4FxEL2q15y37tXT9,https://api.spotify.com/v1/audio-analysis/6tDxrq4FxEL2q15y37tXT9,280000,4
Who Am I (What's My Name)?,Snoop Dogg,spotify:track:6tDxrq4FxEL2q15y37tXT9,0.773,0.54,6,-7.123,1,0.103,0.371,0,0.131,0.322,84.115,audio_features,6tDxrq4FxEL2q15y37tXT9,spotify:track:6tDxrq4FxEL2q15y37tXT9,https://api.spotify.com/v1/tracks/6tDxrq4FxEL2q15y37tXT9,https://api.spotify.com/v1/audio-analysis/6tDxrq4FxEL2q15y37tXT9,280000,4
This Is How We Do It,Montell Jordan,spotify:track:6tDxrq4FxEL2q15y37tXT9,0.773,0.54,6,-7.123,1,0.103,0.371,0,0.131,0.322,84.115,audio_features,6tDxrq4FxEL2q15y37tXT9,spotify:track:6tDxrq4FxEL2q15y37tXT9,https://api.spotify.com/v1/tracks/6tDxrq4FxEL2q15y37tXT9,https://api.spotify.com/v1/audio-analysis/6tDxrq4FxEL2q15y37tXT9,280000,4
Mo Money Mo Problems (feat. Puff Daddy & Mase) - 2014 Remaster,The Notorious B.I.G.,spotify:track:6tDxrq4FxEL2q15y37tXT9,0.773,0.54,6,-7.123,1,0.103,0.371,0,0.131,0.322,84.115,audio_features,6tDxrq4FxEL2q15y37tXT9,spotify:track:6tDxrq4FxEL2q15y37tXT9,https://api.spotify.com/v1/tracks/6tDxrq4FxEL2q15y37tXT9,https://api.spotify.com/v1/audio-analysis/6tDxrq4FxEL2q15y37tXT9,280000,4
I Know What You Want (feat. Flipmode Squad),Busta Rhymes,spotify:track:6tDxrq4FxEL2q15y37tXT9,0.773,0.54,6,-7.123,1,0.103,0.371,0,0.131,0.322,84.115,audio_features,6tDxrq4FxEL2q15y37tXT9,spotify:track:6tDxrq4FxEL2q15y37tXT9,https://api.spotify.com/v1/tracks/6tDxrq4FxEL2q15y37tXT9,https://api.spotify.com/v1/audio-analysis/6tDxrq4FxEL2q15y37tXT9,280000,4
What's Luv? (feat. Ashanti),Fat Joe,spotify:track:6tDxrq4FxEL2q15y37tXT9,0.773,0.54,6,-7.123,1,0.103,0.371,0,0.131,0.322,84.115,audio_features,6tDxrq4FxEL2q15y37tXT9,spotify:track:6tDxrq4FxEL2q15y37tXT9,https://api.spotify.com/v1/tracks/6tDxrq4FxEL2q15y37tXT9,https://api.spotify.com/v1/audio-analysis/6tDxrq4FxEL2q15y37tXT9,280000,4
DNA.,Kendrick Lamar,spotify:track:6tDxrq4FxEL2q15y37tXT9,0.773,0.54,6,-7.123,1,0.103,0.371,0,0.131,0.322,84.115,audio_features,6tDxrq4FxEL2q15y37tXT9,spotify:track:6tDxrq4FxEL2q15y37tXT9,https://api.spotify.com/v1/tracks/6tDxrq4FxEL2q15y37tXT9,https://api.spotify.com/v1/audio-analysis/6tDxrq4FxEL2q15y37tXT9,280000,4
Get Down,Nas,spotify:track:6tDxrq4FxEL2q15y37tXT9,0.773,0.54,6,-7.123,1,0.103,0.371,0,0.131,0.322,84.115,audio_features,6tDxrq4FxEL2q15y37tXT9,spotify:track:6tDxrq4FxEL2q15y37tXT9,https://api.spotify.com/v1/tracks/6tDxrq4FxEL2q15y37tXT9,https://api.spotify.com/v1/audio-analysis/6tDxrq4FxEL2q15y37tXT9,280000,4
ATLiens,Outkast,spotify:track:6tDxrq4FxEL2q15y37tXT9,0.773,0.54,6,-7.123,1,0.103,0.371,0,0.131,0.322,84.115,audio_features,6tDxrq4FxEL2q15y37tXT9,spotify:track:6tDxrq4FxEL2q15y37tXT9,https://api.spotify.com/v1/tracks/6tDxrq4FxEL2q15y37tXT9,https://api.spotify.com/v1/audio-analysis/6tDxrq4FxEL2q15y37tXT9,280000,4
Keep Their Heads Ringin',Dr. Dre,spotify:track:6tDxrq4FxEL2q15y37tXT9,0.773,0.54,6,-7.123,1,0.103,0.371,0,0.131,0.322,84.115,audio_features,6tDxrq4FxEL2q15y37tXT9,spotify:track:6tDxrq4FxEL2q15y37tXT9,https://api.spotify.com/v1/tracks/6tDxrq4FxEL2q15y37tXT9,https://api.spotify.com/v1/audio-analysis/6tDxrq4FxEL2q15y37tXT9,280000,4
Notorious B.I.G. (feat. Lil' Kim & Puff Daddy) - 2005 Remaster,The Notorious B.I.G.,spotify:track:6tDxrq4FxEL2q15y37tXT9,0.773,0.54,6,-7.123,1,0.103,0.371,0,0.131,0.322,84.115,audio_features,6tDxrq4FxEL2q15y37tXT9,spotify:track:6tDxrq4FxEL2q15y37tXT9,https://api.spotify.com/v1/tracks/6tDxrq4FxEL2q15y37tXT9,https://api.spotify.com/v1/audio-analysis/6tDxrq4FxEL2q15y37tXT9,280000,4
Represent,Nas,spotify:track:6tDxrq4FxEL2q15y37tXT9,0.773,0.54,6,-7.123,1,0.103,0.371,0,0.131,0.322,84.115,audio_features,6tDxrq4FxEL2q15y37tXT9,spotify:track:6tDxrq4FxEL2q15y37tXT9,https://api.spotify.com/v1/tracks/6tDxrq4FxEL2q15y37tXT9,https://api.spotify.com/v1/audio-analysis/6tDxrq4FxEL2q15y37tXT9,280000,4
Hail Mary,2Pac,spotify:track:6tDxrq4FxEL2q15y37tXT9,0.773,0.54,6,-7.123,1,0.103,0.371,0,0.131,0.322,84.115,audio_features,6tDxrq4FxEL2q15y37tXT9,spotify:track:6tDxrq4FxEL2q15y37tXT9,https://api.spotify.com/v1/tracks/6tDxrq4FxEL2q15y37tXT9,https://api.spotify.com/v1/audio-analysis/6tDxrq4FxEL2q15y37tXT9,280000,4
How Many Mics,Fugees,spotify:track:6tDxrq4FxEL2q15y37tXT9,0.773,0.54,6,-7.123,1,0.103,0.371,0,0.131,0.322,84.115,audio_features,6tDxrq4FxEL2q15y37tXT9,spotify:track:6tDxrq4FxEL2q15y37tXT9,https://api.spotify.com/v1/tracks/6tDxrq4FxEL2q15y37tXT9,https://api.spotify.com/v1/audio-analysis/6tDxrq4FxEL2q15y37tXT9,280000,4
Outta Control - Remix,50 Cent,spotify:track:6tDxrq4FxEL2q15y37tXT9,0.773,0.54,6,-7.123,1,0.103,0.371,0,0.131,0.322,84.115,audio_features,6tDxrq4FxEL2q15y37tXT9,spotify:track:6tDxrq4FxEL2q15y37tXT9,https://api.spotify.com/v1/tracks/6tDxrq4FxEL2q15y37tXT9,https://api.spotify.com/v1/audio-analysis/6tDxrq4FxEL2q15y37tXT9,280000,4
Express Yourself,N.W.A.,spotify:track:6tDxrq4FxEL2q15y37tXT9,0.773,0.54,6,-7.123,1,0.103,0.371,0,0.131,0.322,84.115,audio_features,6tDxrq4FxEL2q15y37tXT9,spotify:track:6tDxrq4FxEL2q15y37tXT9,https://api.spotify.com/v1/tracks/6tDxrq4FxEL2q15y37tXT9,https://api.spotify.com/v1/audio-analysis/6tDxrq4FxEL2q15y37tXT9,280000,4
The Waters,Anderson .Paak,spotify:track:6tDxrq4FxEL2q15y37tXT9,0.773,0.54,6,-7.123,1,0.103,0.371,0,0.131,0.322,84.115,audio_features,6tDxrq4FxEL2q15y37tXT9,spotify:track:6tDxrq4FxEL2q15y37tXT9,https://api.spotify.com/v1/tracks/6tDxrq4FxEL2q15y37tXT9,https://api.spotify.com/v1/audio-analysis/6tDxrq4FxEL2q15y37tXT9,280000,4
I Used to Love H.E.R.,Common,spotify:track:6tDxrq4FxEL2q15y37tXT9,0.773,0.54,6,-7.123,1,0.103,0.371,0,0.131,0.322,84.115,audio_features,6tDxrq4FxEL2q15y37tXT9,spotify:track:6tDxrq4FxEL2q15y37tXT9,https://api.spotify.com/v1/tracks/6tDxrq4FxEL2q15y37tXT9,https://api.spotify.com/v1/audio-analysis/6tDxrq4FxEL2q15y37tXT9,280000,4
Flava in Ya Ear,Craig Mack,spotify:track:6tDxrq4FxEL2q15y37tXT9,0.773,0.54,6,-7.123,1,0.103,0.371,0,0.131,0.322,84.115,audio_features,6tDxrq4FxEL2q15y37tXT9,spotify:track:6tDxrq4FxEL2q15y37tXT9,https://api.spotify.com/v1/tracks/6tDxrq4FxEL2q15y37tXT9,https://api.spotify.com/v1/audio-analysis/6tDxrq4FxEL2q15y37tXT9,280000,4
How High (Remix),Method Man,spotify:track:6tDxrq4FxEL2q15y37tXT9,0.773,0.54,6,-7.123,1,0.103,0.371,0,0.131,0.322,84.115,audio_features,6tDxrq4FxEL2q15y37tXT9,spotify:track:6tDxrq4FxEL2q15y37tXT9,https://api.spotify.com/v1/tracks/6tDxrq4FxEL2q15y37tXT9,https://api.spotify.com/v1/audio-analysis/6tDxrq4FxEL2q15y37tXT9,280000,4
Buy U a Drank (Shawty Snappin') (feat. Yung Joc),T-Pain,spotify:track:6tDxrq4FxEL2q15y37tXT9,0.773,0.54,6,-7.123,1,0.103,0.371,0,0.131,0.322,84.115,audio_features,6tDxrq4FxEL2q15y37tXT9,spotify:track:6tDxrq4FxEL2q15y37tXT9,https://api.spotify.com/v1/tracks/6tDxrq4FxEL2q15y37tXT9,https://api.spotify.com/v1/audio-analysis/6tDxrq4FxEL2q15y37tXT9,280000,4
Southernplayalisticadillacmuzik,Outkast,spotify:track:6tDxrq4FxEL2q15y37tXT9,0.773,0.54,6,-7.123,1,0.103,0.371,0,0.131,0.322,84.115,audio_features,6tDxrq4FxEL2q15y37tXT9,spotify:track:6tDxrq4FxEL2q15y37tXT9,https://api.spotify.com/v1/tracks/6tDxrq4FxEL2q15y37tXT9,https://api.spotify.com/v1/audio-analysis/6tDxrq4FxEL2q15y37tXT9,280000,4
Wanna Get To Know You,G-Unit,spotify:track:6tDxrq4FxEL2q15y37tXT9,0.773,0.54,6,-7.123,1,0.103,0.371,0,0.131,0.322,84.115,audio_features,6tDxrq4FxEL2q15y37tXT9,spotify:track:6tDxrq4FxEL2q15y37tXT9,https://api.spotify.com/v1/tracks/6tDxrq4FxEL2q15y37tXT9,https://api.spotify.com/v1/audio-analysis/6tDxrq4FxEL2q15y37tXT9,280000,4
